,PlayerName,Born,Height,Hand,LinkPlayer,Weight,Birt,Treinador,Rank
0,Louis Cant,Belgium,185.0,Right-Handed,https://www.atptour.com/en/players/louis-cant/cd88/player-activity?year=all&matchType=Singles,78.0,1990-11-08,,1025
1,Philipp Scholz,Germany,185.0,"Right-Handed, Two-Handed Backhand",https://www.atptour.com/en/players/philipp-scholz/su09/player-activity?year=all&matchType=Singles,78.0,1995-01-24,,841
2,Rafael Mazon-Hernandez,Spain,185.0,Right-Handed,https://www.atptour.com/en/players/rafael-mazon-hernandez/mi75/player-activity?year=all&matchType=Singles,78.0,1990-09-15,,488
3,Olaf De Weerdt,Belgium,185.0,Right-Handed,https://www.atptour.com/en/players/olaf-de-weerdt/d809/player-activity?year=all&matchType=Singles,78.0,1987-06-10,,1438
4,Simon Ede,Australia,185.0,Right-Handed,https://www.atptour.com/en/players/simon-ede/e804/player-activity?year=all&matchType=Singles,78.0,1992-03-13,,1462
5,Simon Stevens,Belgium,185.0,Right-Handed,https://www.atptour.com/en/players/simon-stevens/sr01/player-activity?year=all&matchType=Singles,78.0,1996-02-02,,1330
6,Simon Friis Soendergaard,Denmark,185.0,"Right-Handed, Two-Handed Backhand",https://www.atptour.com/en/players/simon-friis-soendergaard/st99/player-activity?year=all&matchType=Singles,78.0,1996-06-26,,1461
7,Lofo Ramiaramanana,Madagascar,175.0,"Left-Handed, Two-Handed Backhand",https://www.atptour.com/en/players/lofo-ramiaramanana/r964/player-activity?year=all&matchType=Singles,72.0,1989-06-14,,1107
8,Stieg Martens,Belgium,185.0,"Left-Handed, Two-Handed Backhand",https://www.atptour.com/en/players/stieg-martens/mq72/player-activity?year=all&matchType=Singles,78.0,1996-01-21,,1620
9,Richard Waite,Germany,185.0,"Right-Handed, Unknown Backhand",https://www.atptour.com/en/players/richard-waite/w555/player-activity?year=all&matchType=Singles,78.0,1990-07-31,,799
10,Sebastian Lavie,New Zealand,185.0,"Right-Handed, Two-Handed Backhand",https://www.atptour.com/en/players/sebastian-lavie/lb69/player-activity?year=all&matchType=Singles,78.0,1992-03-18,,623
11,Boris Nicola Bakalov,,183.0,"Left-Handed, One-Handed Backhand",https://www.atptour.com/en/players/boris-nicola-bakalov/bf34/player-activity?year=all&matchType=Singles,75.0,1980-11-23,,
12,Nikita Kryvonos,USA,185.0,Right-Handed,https://www.atptour.com/en/players/nikita-kryvonos/k826/player-activity?year=all&matchType=Singles,78.0,1986-09-01,,508
13,Lennart Zynga,Germany,185.0,"Right-Handed, Two-Handed Backhand",https://www.atptour.com/en/players/lennart-zynga/z357/player-activity?year=all&matchType=Singles,78.0,1991-10-21,,895
14,James Junior Storme,Belgium,185.0,"Left-Handed, Unknown Backhand",https://www.atptour.com/en/players/james-junior-storme/sp33/player-activity?year=all&matchType=Singles,78.0,1994-12-13,,722
15,Jesper Brunstrom,Sweden,185.0,Right-Handed,https://www.atptour.com/en/players/jesper-brunstrom/bf41/player-activity?year=all&matchType=Singles,78.0,1987-02-17,,485
16,Remy Chala,France,185.0,"Ambidextrous, Two-Handed Backhand",https://www.atptour.com/en/players/remy-chala/ch53/player-activity?year=all&matchType=Singles,78.0,1995-02-06,,909
17,Kevin Kaczynski,Germany,185.0,"Right-Handed, Two-Handed Backhand",https://www.atptour.com/en/players/kevin-kaczynski/kd88/player-activity?year=all&matchType=Singles,78.0,1994-04-06,,738
18,Ivan Gomez Mantilla,Spain,185.0,"Right-Handed, Unknown Backhand",https://www.atptour.com/en/players/ivan-gomez-mantilla/gd39/player-activity?year=all&matchType=Singles,78.0,1992-07-08,,877
19,Eric Fomba,France,185.0,Right-Handed,https://www.atptour.com/en/players/eric-fomba/f905/player-activity?year=all&matchType=Singles,78.0,1995-11-10,,957
20,Valentin Dimov,Bulgaria,185.0,"Right-Handed, Unknown Backhand",https://www.atptour.com/en/players/valentin-dimov/d852/player-activity?year=all&matchType=Singles,78.0,1989-03-12,,694
21,Ivo Mijic,Germany,185.0,Right-Handed,https://www.atptour.com/en/players/ivo-mijic/mf54/player-activity?year=all&matchType=Singles,78.0,1990-01-15,,975
22,Max De Vroome,Netherlands,185.0,"Right-Handed, Two-Handed Backhand",https://www.atptour.com/en/players/max-de-vroome/dc07/player-activity?year=all&matchType=Singles,78.0,1994-06-01,,1152
23,Josh Goodall,,188.0,"Right-Handed, Unknown Backhand",https://www.atptour.com/en/players/josh-goodall/g744/player-activity?year=all&matchType=Singles,74.0,1985-10-17,Peter Lundgren,
24,Maximilian Dinslaken,Germany,185.0,"Right-Handed, Two-Handed Backhand",https://www.atptour.com/en/players/maximilian-dinslaken/da17/player-activity?year=all&matchType=Singles,78.0,1992-06-08,,552
25,Matheson Klein,Australia,185.0,Right-Handed,https://www.atptour.com/en/players/matheson-klein/ka43/player-activity?year=all&matchType=Singles,78.0,1989-07-12,,693
26,Simon Cauvard,France,185.0,Right-Handed,https://www.atptour.com/en/players/simon-cauvard/cb97/player-activity?year=all&matchType=Singles,78.0,1986-10-21,,427
27,Andis Juska,Latvia,185.0,"Right-Handed, Unknown Backhand",https://www.atptour.com/en/players/andis-juska/j259/player-activity?year=all&matchType=Singles,78.0,1985-05-22,,136
28,Julien Demois,France,185.0,Right-Handed,https://www.atptour.com/en/players/julien-demois/db21/player-activity?year=all&matchType=Singles,78.0,1993-11-20,,942
29,Xavier Malisse,Belgium,185.0,"Right-Handed, Two-Handed Backhand",https://www.atptour.com/en/players/xavier-malisse/m680/player-activity?year=all&matchType=Singles,83.0,1980-07-19,,19
30,Robert Coman,Romania,185.0,"Right-Handed, Unknown Backhand",https://www.atptour.com/en/players/robert-coman/cb76/player-activity?year=all&matchType=Singles,78.0,1990-11-02,,860
31,Armel Rancezot,France,185.0,Right-Handed,https://www.atptour.com/en/players/armel-rancezot/rc55/player-activity?year=all&matchType=Singles,78.0,1994-06-30,,1519
32,Steven Moneke,Germany,185.0,Right-Handed,https://www.atptour.com/en/players/steven-moneke/me29/player-activity?year=all&matchType=Singles,78.0,1986-05-27,,331
33,Tom Hill,Great Britain,185.0,Right-Handed,https://www.atptour.com/en/players/tom-hill/hd75/player-activity?year=all&matchType=Singles,78.0,1995-02-20,,1554
34,Kim Moellers,Germany,185.0,Right-Handed,https://www.atptour.com/en/players/kim-moellers/mm51/player-activity?year=all&matchType=Singles,78.0,1989-09-25,,1203
35,Maxime Hinnisdaels,Belgium,185.0,"Right-Handed, Two-Handed Backhand",https://www.atptour.com/en/players/maxime-hinnisdaels/hb80/player-activity?year=all&matchType=Singles,78.0,1995-03-20,,1702
36,Dimitar Grabul,Macedonia,185.0,Right-Handed,https://www.atptour.com/en/players/dimitar-grabul/g580/player-activity?year=all&matchType=Singles,78.0,1981-11-05,,893
37,Rudy Coco,France,196.0,"Left-Handed, Two-Handed Backhand",https://www.atptour.com/en/players/rudy-coco/cb36/player-activity?year=all&matchType=Singles,102.0,1984-03-21,,768
38,Martin Pedersen,Denmark,185.0,Right-Handed,https://www.atptour.com/en/players/martin-pedersen/pb29/player-activity?year=all&matchType=Singles,78.0,1987-06-15,,267
39,Ashley Hewitt,Great Britain,185.0,"Right-Handed, Two-Handed Backhand",https://www.atptour.com/en/players/ashley-hewitt/ha18/player-activity?year=all&matchType=Singles,78.0,1992-02-06,,746
40,Medy Chettar,France,185.0,Right-Handed,https://www.atptour.com/en/players/medy-chettar/ce99/player-activity?year=all&matchType=Singles,78.0,1992-03-08,,866
41,Jack Carpenter,Great Britain,185.0,Right-Handed,https://www.atptour.com/en/players/jack-carpenter/cd30/player-activity?year=all&matchType=Singles,78.0,1992-04-11,,642
42,Matthias Wunner,Germany,185.0,Right-Handed,https://www.atptour.com/en/players/matthias-wunner/w655/player-activity?year=all&matchType=Singles,78.0,1993-03-10,,532
43,Gregoire Burquier,France,185.0,"Left-Handed, One-Handed Backhand",https://www.atptour.com/en/players/gregoire-burquier/bc36/player-activity?year=all&matchType=Singles,78.0,1984-07-08,,251
44,Catalin-Ionut Gard,,185.0,"Right-Handed, One-Handed Backhand",https://www.atptour.com/en/players/catalin-ionut-gard/g493/player-activity?year=all&matchType=Singles,78.0,1981-07-10,,
45,Jakub Lustyk,Czech Republic,185.0,Right-Handed,https://www.atptour.com/en/players/jakub-lustyk/l932/player-activity?year=all&matchType=Singles,78.0,1988-09-23,,1055
46,Florian Reynet,France,185.0,Right-Handed,https://www.atptour.com/en/players/florian-reynet/r895/player-activity?year=all&matchType=Singles,78.0,1986-04-14,,414
47,Benjamin Ugarte,Chile,185.0,Right-Handed,https://www.atptour.com/en/players/benjamin-ugarte/u125/player-activity?year=all&matchType=Singles,78.0,1993-03-10,,1024
48,David Simunek,Czech Republic,185.0,Right-Handed,https://www.atptour.com/en/players/david-simunek/sq24/player-activity?year=all&matchType=Singles,78.0,1993-07-09,,1599
49,Juan Matias Gonzalez Carrasco,Chile,185.0,Right-Handed,https://www.atptour.com/en/players/juan-matias-gonzalez-carrasco/gc98/player-activity?year=all&matchType=Singles,78.0,1994-02-18,,840
50,Pablo Galdon,Argentina,185.0,"Right-Handed, Two-Handed Backhand",https://www.atptour.com/en/players/pablo-galdon/g817/player-activity?year=all&matchType=Singles,78.0,1985-11-28,,231
51,Maxime Forcin,France,185.0,Right-Handed,https://www.atptour.com/en/players/maxime-forcin/f806/player-activity?year=all&matchType=Singles,78.0,1989-06-26,,708
52,Laurent Recouderc,Andorra,185.0,"Right-Handed, Unknown Backhand",https://www.atptour.com/en/players/laurent-recouderc/r628/player-activity?year=all&matchType=Singles,78.0,1984-07-10,Jerome Potier - Photos Kallias,124
53,Juho Paukku,Finland,185.0,Left-Handed,https://www.atptour.com/en/players/juho-paukku/pa15/player-activity?year=all&matchType=Singles,78.0,1986-07-19,,379
54,Andrei Plotniy,Russia,185.0,Right-Handed,https://www.atptour.com/en/players/andrei-plotniy/pb97/player-activity?year=all&matchType=Singles,78.0,1988-04-07,,384
55,Guillermo Hormazabal,Chile,185.0,Right-Handed,https://www.atptour.com/en/players/guillermo-hormazabal/h563/player-activity?year=all&matchType=Singles,78.0,1985-02-19,,284
56,Rabie Chaki,Morocco,185.0,Right-Handed,https://www.atptour.com/en/players/rabie-chaki/c663/player-activity?year=all&matchType=Singles,78.0,1982-04-14,,333
57,Photos Kallias,,185.0,Right-Handed,https://www.atptour.com/en/players/photos-kallias/k528/player-activity?year=all&matchType=Singles,78.0,1984-03-06,,
58,Darko Madjarovski,Serbia,185.0,Right-Handed,https://www.atptour.com/en/players/darko-madjarovski/mb07/player-activity?year=all&matchType=Singles,78.0,1983-06-17,,334
59,Matthew Illingworth,Great Britain,185.0,Right-Handed,https://www.atptour.com/en/players/matthew-illingworth/i232/player-activity?year=all&matchType=Singles,78.0,1987-06-23,,1008
60,Alec Witmeur,Belgium,185.0,Right-Handed,https://www.atptour.com/en/players/alec-witmeur/w606/player-activity?year=all&matchType=Singles,78.0,1989-07-30,,1039
61,Brian Battistone,USA,191.0,"Right-Handed, Unknown Backhand",https://www.atptour.com/en/players/brian-battistone/b765/player-activity?year=all&matchType=Singles,82.0,1979-08-10,"Mark Battistone, Lionel Burt",853
62,Malte Stropp,Germany,185.0,Left-Handed,https://www.atptour.com/en/players/malte-stropp/sm04/player-activity?year=all&matchType=Singles,78.0,1991-01-29,,1060
63,Paterne Mamata,France,185.0,Right-Handed,https://www.atptour.com/en/players/paterne-mamata/me32/player-activity?year=all&matchType=Singles,78.0,1986-07-16,,828
64,Roy Bruggeling,Netherlands,185.0,Right-Handed,https://www.atptour.com/en/players/roy-bruggeling/bf96/player-activity?year=all&matchType=Singles,78.0,1989-08-01,,403
65,Charles Roche,France,185.0,Right-Handed,https://www.atptour.com/en/players/charles-roche/r546/player-activity?year=all&matchType=Singles,78.0,1983-10-08,,607
66,Trystan Meniane,France,185.0,Right-Handed,https://www.atptour.com/en/players/trystan-meniane/mc22/player-activity?year=all&matchType=Singles,78.0,1981-03-16,,617
67,Frank Wintermantel,Germany,185.0,Right-Handed,https://www.atptour.com/en/players/frank-wintermantel/w480/player-activity?year=all&matchType=Singles,78.0,1988-08-20,,691
68,Pierre Metenier,France,185.0,Right-Handed,https://www.atptour.com/en/players/pierre-metenier/me86/player-activity?year=all&matchType=Singles,78.0,1983-10-15,,978
69,Federico Raffaelli,Italy,185.0,Right-Handed,https://www.atptour.com/en/players/federico-raffaelli/r921/player-activity?year=all&matchType=Singles,78.0,1984-01-30,,1437
70,Frederic De Fays,Belgium,185.0,Right-Handed,https://www.atptour.com/en/players/frederic-de-fays/d751/player-activity?year=all&matchType=Singles,78.0,1989-01-14,,622
71,Mario Dierckx,Belgium,185.0,Right-Handed,https://www.atptour.com/en/players/mario-dierckx/d932/player-activity?year=all&matchType=Singles,78.0,1989-09-18,,940
72,Marco Pedrini,Italy,185.0,Right-Handed,https://www.atptour.com/en/players/marco-pedrini/p506/player-activity?year=all&matchType=Singles,78.0,1983-04-19,,270
73,Bas Van der Valk,Netherlands,185.0,Left-Handed,https://www.atptour.com/en/players/bas-van-der-valk/v396/player-activity?year=all&matchType=Singles,78.0,1984-04-25,,428
74,Lucas Arnold Ker,,180.0,"Right-Handed, Unknown Backhand",https://www.atptour.com/en/players/lucas-arnold-ker/a228/player-activity?year=all&matchType=Singles,76.0,1974-10-12,,
75,Thomas Kromann,Denmark,185.0,Left-Handed,https://www.atptour.com/en/players/thomas-kromann/k846/player-activity?year=all&matchType=Singles,78.0,1987-06-01,,501
76,Ian Flanagan,Great Britain,185.0,Right-Handed,https://www.atptour.com/en/players/ian-flanagan/f436/player-activity?year=all&matchType=Singles,78.0,1982-01-15,,366
77,Dusan Karol,Czech Republic,185.0,Right-Handed,https://www.atptour.com/en/players/dusan-karol/k585/player-activity?year=all&matchType=Singles,78.0,1983-05-19,,128
78,Martijn Van Haasteren,Antily (NIZ),185.0,"Right-Handed, Unknown Backhand",https://www.atptour.com/en/players/martijn-van-haasteren/v473/player-activity?year=all&matchType=Singles,78.0,1980-09-12,,117
79,Maxime Bonami,France,185.0,"Right-Handed, Unknown Backhand",https://www.atptour.com/en/players/maxime-bonami/be03/player-activity?year=all&matchType=Singles,78.0,1983-11-12,,1246
80,Korneel Sanders,Belgium,185.0,Right-Handed,https://www.atptour.com/en/players/korneel-sanders/sl45/player-activity?year=all&matchType=Singles,78.0,1990-03-08,,986
81,Romain Bocaert,France,185.0,Right-Handed,https://www.atptour.com/en/players/romain-bocaert/bf62/player-activity?year=all&matchType=Singles,78.0,1990-10-03,,
82,Mike Scheidweiler,Luxembourg,188.0,"Right-Handed, Unknown Backhand",https://www.atptour.com/en/players/mike-scheidweiler/s887/player-activity?year=all&matchType=Singles,75.0,1981-11-14,Nicolas Perrein,291
83,Marcus Sarstrand,Sweden,183.0,"Right-Handed, Unknown Backhand",https://www.atptour.com/en/players/marcus-sarstrand/s751/player-activity?year=all&matchType=Singles,73.0,1978-07-24,,521
84,Ralph Grambow,Germany,185.0,"Right-Handed, Unknown Backhand",https://www.atptour.com/en/players/ralph-grambow/g450/player-activity?year=all&matchType=Singles,78.0,1979-07-14,,366
85,Clement Morel,Monaco,185.0,Right-Handed,https://www.atptour.com/en/players/clement-morel/mb29/player-activity?year=all&matchType=Singles,78.0,1984-07-16,,509
86,Jordane Doble,,185.0,"Right-Handed, Unknown Backhand",https://www.atptour.com/en/players/jordane-doble/d434/player-activity?year=all&matchType=Singles,78.0,1980-12-02,,
87,Henrik Norfeldt,Sweden,185.0,Right-Handed,https://www.atptour.com/en/players/henrik-norfeldt/n506/player-activity?year=all&matchType=Singles,78.0,1986-12-23,,518
88,Mattia Livraghi,Italy,185.0,Right-Handed,https://www.atptour.com/en/players/mattia-livraghi/l473/player-activity?year=all&matchType=Singles,78.0,1981-09-21,,414
89,Stefan Wauters,Belgium,185.0,Right-Handed,https://www.atptour.com/en/players/stefan-wauters/w306/player-activity?year=all&matchType=Singles,78.0,1982-03-12,,205
90,Jakub Praibis,Czech Republic,185.0,Right-Handed,https://www.atptour.com/en/players/jakub-praibis/pd16/player-activity?year=all&matchType=Singles,78.0,1982-06-29,,
91,Rodrigo Perez,Chile,185.0,Right-Handed,https://www.atptour.com/en/players/rodrigo-perez/pc21/player-activity?year=all&matchType=Singles,78.0,1989-03-07,,327
92,Nikolai Haessig,Canada,185.0,Left-Handed,https://www.atptour.com/en/players/nikolai-haessig/ha11/player-activity?year=all&matchType=Singles,78.0,1992-11-18,,1272
93,Jannick Lupescu,Netherlands,185.0,Right-Handed,https://www.atptour.com/en/players/jannick-lupescu/lb54/player-activity?year=all&matchType=Singles,78.0,1993-07-16,,792
94,Matthew Pierot,Netherlands,185.0,Right-Handed,https://www.atptour.com/en/players/matthew-pierot/pe29/player-activity?year=all&matchType=Singles,78.0,1990-01-04,,1190
95,Enzo Py,France,185.0,"Left-Handed, Unknown Backhand",https://www.atptour.com/en/players/enzo-py/pg39/player-activity?year=all&matchType=Singles,78.0,1995-05-09,,773
96,Dario Perez,Spain,185.0,"Right-Handed, Unknown Backhand",https://www.atptour.com/en/players/dario-perez/p429/player-activity?year=all&matchType=Singles,78.0,1980-04-18,,511
97,Antony Dupuis,,185.0,"Right-Handed, Unknown Backhand",https://www.atptour.com/en/players/antony-dupuis/d272/player-activity?year=all&matchType=Singles,87.0,1973-02-24,Benoit Carelli,
98,James Feaver,Great Britain,185.0,"Left-Handed, Unknown Backhand",https://www.atptour.com/en/players/james-feaver/f631/player-activity?year=all&matchType=Singles,78.0,1986-09-10,,527
99,Jonas Koenig,Germany,185.0,"Right-Handed, Two-Handed Backhand",https://www.atptour.com/en/players/jonas-koenig/kd54/player-activity?year=all&matchType=Singles,78.0,1989-10-04,,
100,Gilles Kremer,Luxembourg,185.0,"Right-Handed, Unknown Backhand",https://www.atptour.com/en/players/gilles-kremer/k572/player-activity?year=all&matchType=Singles,78.0,1981-07-15,,457
101,Rameez Junaid,Australia,185.0,"Right-Handed, Unknown Backhand",https://www.atptour.com/en/players/rameez-junaid/j230/player-activity?year=all&matchType=Singles,78.0,1981-05-25,Rainer Bopp,62
102,Alexander Blom,Antily (NIZ),185.0,Right-Handed,https://www.atptour.com/en/players/alexander-blom/be06/player-activity?year=all&matchType=Singles,78.0,1987-08-17,,500
103,Matt Simpson,New Zealand,185.0,Right-Handed,https://www.atptour.com/en/players/matt-simpson/sd83/player-activity?year=all&matchType=Singles,78.0,1984-08-10,,754
104,Oscar Sabate-Bretos,Spain,185.0,Right-Handed,https://www.atptour.com/en/players/oscar-sabate-bretos/sf93/player-activity?year=all&matchType=Singles,78.0,1986-08-31,,525
105,Enrico Alonso De Pedro,Germany,185.0,Left-Handed,https://www.atptour.com/en/players/enrico-alonso-de-pedro-/ab63/player-activity?year=all&matchType=Singles,78.0,1988-03-23,,
106,Roel Oostdam,Netherlands,185.0,Right-Handed,https://www.atptour.com/en/players/roel-oostdam/o330/player-activity?year=all&matchType=Singles,78.0,1988-01-15,,1053
107,Constantin Christ,Germany,185.0,Right-Handed,https://www.atptour.com/en/players/constantin-christ/cf30/player-activity?year=all&matchType=Singles,78.0,1993-01-24,,
108,Marcel-Ioan Miron,Romania,185.0,Right-Handed,https://www.atptour.com/en/players/marcel-ioan-miron/ma10/player-activity?year=all&matchType=Singles,78.0,1982-04-06,,322
109,Andrea Falgheri,Italy,185.0,Right-Handed,https://www.atptour.com/en/players/andrea-falgheri/f522/player-activity?year=all&matchType=Singles,78.0,1985-09-09,,611
110,Kevin Boelhouwer,Netherlands,185.0,"Left-Handed, Two-Handed Backhand",https://www.atptour.com/en/players/kevin-boelhouwer/bj32/player-activity?year=all&matchType=Singles,78.0,1991-04-03,,962
111,Matthieu Vierin,,185.0,Right-Handed,https://www.atptour.com/en/players/matthieu-vierin/v648/player-activity?year=all&matchType=Singles,78.0,1991-07-07,,
112,Vladimir Obradovic,Serbia,196.0,"Right-Handed, One-Handed Backhand",https://www.atptour.com/en/players/vladimir-obradovic/o168/player-activity?year=all&matchType=Singles,91.0,1981-02-04,Andy Jackson/ Sveta Simic,367
113,Davy Sum,France,185.0,"Right-Handed, Unknown Backhand",https://www.atptour.com/en/players/davy-sum/sp46/player-activity?year=all&matchType=Singles,78.0,1989-07-17,,603
114,Nick Van Der Meer,Netherlands,185.0,Right-Handed,https://www.atptour.com/en/players/nick-van-der-meer/v457/player-activity?year=all&matchType=Singles,78.0,1985-01-18,,444
115,Colin Ebelthite,Australia,185.0,"Right-Handed, Unknown Backhand",https://www.atptour.com/en/players/colin-ebelthite/e629/player-activity?year=all&matchType=Singles,78.0,1984-11-27,,209
116,Juan-Sebastian Vivanco,Ecuador,185.0,Right-Handed,https://www.atptour.com/en/players/juan-sebastian-vivanco/v628/player-activity?year=all&matchType=Singles,78.0,1990-04-14,,607
117,Nicolas Tourte,France,185.0,Right-Handed,https://www.atptour.com/en/players/nicolas-tourte/t323/player-activity?year=all&matchType=Singles,78.0,1979-08-18,,103
118,Mehdi Bouras,Algeria,185.0,Right-Handed,https://www.atptour.com/en/players/mehdi-bouras/bf67/player-activity?year=all&matchType=Singles,78.0,1988-09-24,,1305
119,Marc Abdelnour,,0.0,Right-Handed,https://www.atptour.com/en/players/marc-abdelnour/a769/player-activity?year=all&matchType=Singles,0.0,1988-08-11,,
120,Marco Viola,Italy,185.0,Right-Handed,https://www.atptour.com/en/players/marco-viola/v417/player-activity?year=all&matchType=Singles,78.0,1983-10-28,,489
121,Ervin Eleskovic,Sweden,185.0,"Right-Handed, Unknown Backhand",https://www.atptour.com/en/players/ervin-eleskovic/e639/player-activity?year=all&matchType=Singles,78.0,1987-05-08,,266
122,Jeroen Benard,Netherlands,185.0,"Right-Handed, Two-Handed Backhand",https://www.atptour.com/en/players/jeroen-benard/bi78/player-activity?year=all&matchType=Singles,78.0,1991-02-16,,638
123,Gary Lugassy,France,185.0,"Left-Handed, Unknown Backhand",https://www.atptour.com/en/players/gary-lugassy/l657/player-activity?year=all&matchType=Singles,78.0,1982-08-20,,340
124,Frederic Jeanclaude,France,185.0,Left-Handed,https://www.atptour.com/en/players/frederic-jeanclaude/j279/player-activity?year=all&matchType=Singles,78.0,1981-10-02,,692
125,Bart Govaerts,Belgium,185.0,Left-Handed,https://www.atptour.com/en/players/bart-govaerts/ga04/player-activity?year=all&matchType=Singles,78.0,1988-06-17,,593
126,Alexandre Renard,France,185.0,Right-Handed,https://www.atptour.com/en/players/alexandre-renard/r644/player-activity?year=all&matchType=Singles,78.0,1982-05-29,,253
127,Carlos Calderon-Rodriguez,Spain,185.0,"Right-Handed, Two-Handed Backhand",https://www.atptour.com/en/players/carlos-calderon-rodriguez/ca42/player-activity?year=all&matchType=Singles,78.0,1988-03-19,,338
128,Marco Dierckx,Belgium,185.0,Right-Handed,https://www.atptour.com/en/players/marco-dierckx/d907/player-activity?year=all&matchType=Singles,78.0,1988-09-12,,533
129,Marius Zay,Germany,185.0,Right-Handed,https://www.atptour.com/en/players/marius-zay/z115/player-activity?year=all&matchType=Singles,78.0,1982-10-25,,797
130,Antoine Tassart,France,185.0,Right-Handed,https://www.atptour.com/en/players/antoine-tassart/t801/player-activity?year=all&matchType=Singles,78.0,1985-01-03,,832
131,Alberto Martin,Spain,175.0,"Right-Handed, One-Handed Backhand",https://www.atptour.com/en/players/alberto-martin/m590/player-activity?year=all&matchType=Singles,73.0,1978-08-20,Marcos Gorriz,
132,Sebastian Rieschick,Germany,185.0,"Right-Handed, Unknown Backhand",https://www.atptour.com/en/players/sebastian-rieschick/r758/player-activity?year=all&matchType=Singles,78.0,1986-02-15,,199
133,Jean-Noel Insausti,France,185.0,Right-Handed,https://www.atptour.com/en/players/jean-noel-insausti/i255/player-activity?year=all&matchType=Singles,78.0,1984-03-15,,769
134,Thomas Cazes-Carrere,France,185.0,Right-Handed,https://www.atptour.com/en/players/thomas-cazes-carrere/c885/player-activity?year=all&matchType=Singles,78.0,1984-05-05,,530
135,Martin Slanar,Austria,185.0,"Right-Handed, Unknown Backhand",https://www.atptour.com/en/players/martin-slanar/s893/player-activity?year=all&matchType=Singles,78.0,1981-05-01,,94
136,Baptiste Dupuy,France,185.0,Left-Handed,https://www.atptour.com/en/players/baptiste-dupuy/d463/player-activity?year=all&matchType=Singles,78.0,1981-01-16,,573
137,Carl Bergman,Sweden,185.0,Right-Handed,https://www.atptour.com/en/players/carl-bergman/be77/player-activity?year=all&matchType=Singles,78.0,1987-10-10,,475
138,Dawid Olejniczak,Poland,185.0,"Right-Handed, Unknown Backhand",https://www.atptour.com/en/players/dawid-olejniczak/o253/player-activity?year=all&matchType=Singles,78.0,1983-03-01,,206
139,Maxime Tabatruong,France,180.0,"Right-Handed, Two-Handed Backhand",https://www.atptour.com/en/players/maxime-tabatruong/tb20/player-activity?year=all&matchType=Singles,72.0,1989-09-24,,360
140,Michal Schmid,Czech Republic,185.0,Right-Handed,https://www.atptour.com/en/players/michal-schmid/sj52/player-activity?year=all&matchType=Singles,78.0,1988-11-28,,437
141,Juan Lizariturry,Spain,185.0,Right-Handed,https://www.atptour.com/en/players/juan-lizariturry/l996/player-activity?year=all&matchType=Singles,78.0,1991-04-20,,329
142,Nicolas Demeroutis,Belgium,185.0,Right-Handed,https://www.atptour.com/en/players/nicolas-demeroutis/d0fe/player-activity?year=all&matchType=Singles,78.0,2000-12-16,,1683
143,Antoine Damiens,France,185.0,"Right-Handed, Unknown Backhand",https://www.atptour.com/en/players/antoine-damiens/d0ae/player-activity?year=all&matchType=Singles,78.0,1999-03-15,,1605
144,Aliaksandr Bury,,203.0,"Right-Handed, One-Handed Backhand",https://www.atptour.com/en/players/aliaksandr-bury/bd83/player-activity?year=all&matchType=Singles,93.0,1987-09-14,,
145,Maxence Bertimon,France,185.0,Right-Handed,https://www.atptour.com/en/players/maxence-bertimon/b0bz/player-activity?year=all&matchType=Singles,78.0,1999-09-20,,1484
146,Adan Freire Da Silva,France,185.0,Right-Handed,https://www.atptour.com/en/players/adan-freire-da-silva/f0bj/player-activity?year=all&matchType=Singles,78.0,1999-05-05,,1220
147,Marcos Giraldi Requena,Spain,185.0,"Right-Handed, Two-Handed Backhand",https://www.atptour.com/en/players/marcos-giraldi-requena/gd11/player-activity?year=all&matchType=Singles,78.0,1993-11-26,,618
148,Alban Meuffels,Netherlands,185.0,Right-Handed,https://www.atptour.com/en/players/alban-meuffels/ml71/player-activity?year=all&matchType=Singles,78.0,1992-08-24,,593
149,Eduardo Dischinger,Brazil,185.0,"Right-Handed, Unknown Backhand",https://www.atptour.com/en/players/eduardo-dischinger/d915/player-activity?year=all&matchType=Singles,78.0,1992-05-18,,540
150,Jorge Montero,Chile,185.0,Right-Handed,https://www.atptour.com/en/players/jorge-montero/mi52/player-activity?year=all&matchType=Singles,78.0,1990-09-21,,339
151,Maxime Authom,Belgium,0.0,"Right-Handed, Unknown Backhand",https://www.atptour.com/en/players/maxime-authom/a789/player-activity?year=all&matchType=Singles,0.0,1987-03-29,,232
152,Marcus Willis,Great Britain,191.0,"Left-Handed, Two-Handed Backhand",https://www.atptour.com/en/players/marcus-willis/w521/player-activity?year=all&matchType=Singles,91.0,1990-10-09,Matt Smith,322
153,Axel Michon,France,185.0,"Left-Handed, Two-Handed Backhand",https://www.atptour.com/en/players/axel-michon/mi11/player-activity?year=all&matchType=Singles,78.0,1990-12-16,,379
154,Nico Mertens,Germany,185.0,Right-Handed,https://www.atptour.com/en/players/nico-mertens/mv86/player-activity?year=all&matchType=Singles,78.0,1994-04-04,,
155,Gaetan De Lovinfosse,Belgium,185.0,Right-Handed,https://www.atptour.com/en/players/gaetan-de-lovinfosse/da32/player-activity?year=all&matchType=Singles,78.0,1991-09-05,,771
156,Jerome Inzerillo,France,185.0,"Right-Handed, Unknown Backhand",https://www.atptour.com/en/players/jerome-inzerillo/i229/player-activity?year=all&matchType=Singles,78.0,1990-02-15,,319
157,Philipp Davydenko,,183.0,"Right-Handed, One-Handed Backhand",https://www.atptour.com/en/players/philipp-davydenko/d908/player-activity?year=all&matchType=Singles,81.0,1992-09-02,Eduard Davydenko,
158,Daniel Glancy,Ireland,185.0,Right-Handed,https://www.atptour.com/en/players/daniel-glancy/ga84/player-activity?year=all&matchType=Singles,78.0,1988-11-13,,718
159,Maikel Borg,Netherlands,185.0,Right-Handed,https://www.atptour.com/en/players/maikel-borg/bv09/player-activity?year=all&matchType=Singles,78.0,1997-08-14,,521
160,Robert Constantinovici,Netherlands,185.0,Right-Handed,https://www.atptour.com/en/players/robert-constantinovici/cg52/player-activity?year=all&matchType=Singles,78.0,1995-03-01,,1096
161,Franco David Aubone,Argentina,185.0,Right-Handed,https://www.atptour.com/en/players/franco-david-aubone/ag26/player-activity?year=all&matchType=Singles,78.0,1999-10-16,,1277
162,Loic Juszczak,Belgium,185.0,Right-Handed,https://www.atptour.com/en/players/loic-juszczak/j727/player-activity?year=all&matchType=Singles,78.0,1997-02-21,,
163,Maxime Teixeira,France,188.0,"Right-Handed, Unknown Backhand",https://www.atptour.com/en/players/maxime-teixeira/t999/player-activity?year=all&matchType=Singles,75.0,1989-01-18,Boris Vallejo,154
164,Martin Vaisse,France,185.0,Right-Handed,https://www.atptour.com/en/players/martin-vaisse/v790/player-activity?year=all&matchType=Singles,78.0,1987-08-11,,453
165,Richard Becker,Germany,185.0,Right-Handed,https://www.atptour.com/en/players/richard-becker/bg63/player-activity?year=all&matchType=Singles,78.0,1991-01-29,,336
166,Eduardo Peralta-Tello,Mexico,185.0,Right-Handed,https://www.atptour.com/en/players/eduardo-peralta-tello/pb05/player-activity?year=all&matchType=Singles,78.0,1989-04-15,,540
167,Louk Sorensen,Ireland,175.0,"Right-Handed, Two-Handed Backhand",https://www.atptour.com/en/players/louk-sorensen/sd69/player-activity?year=all&matchType=Singles,78.0,1985-01-07,Kevin Sorensen,175
168,Jolan Cailleau,Belgium,185.0,Right-Handed,https://www.atptour.com/en/players/jolan-cailleau/ci49/player-activity?year=all&matchType=Singles,78.0,1995-06-28,,881
169,Eros Siringo,Italy,185.0,Right-Handed,https://www.atptour.com/en/players/eros-siringo/sm19/player-activity?year=all&matchType=Singles,78.0,1991-05-21,,1104
170,Ivan Bjelica,Serbia,185.0,Right-Handed,https://www.atptour.com/en/players/ivan-bjelica/bb20/player-activity?year=all&matchType=Singles,78.0,1984-02-15,,290
171,Vincent Van den Honert,Netherlands,185.0,Right-Handed,https://www.atptour.com/en/players/vincent-van-den-honert/v813/player-activity?year=all&matchType=Singles,78.0,1993-04-20,,1113
172,Paul Monteban,Netherlands,185.0,"Right-Handed, Two-Handed Backhand",https://www.atptour.com/en/players/paul-monteban/mv12/player-activity?year=all&matchType=Singles,78.0,1993-01-18,,633
173,Matthieu Roy,France,185.0,Right-Handed,https://www.atptour.com/en/players/matthieu-roy-/ra95/player-activity?year=all&matchType=Singles,78.0,1989-09-22,,676
174,Deiton Baughman,USA,185.0,Right-Handed,https://www.atptour.com/en/players/deiton-baughman/bm19/player-activity?year=all&matchType=Singles,78.0,1996-04-23,,319
175,Theo Fournerie,France,185.0,"Right-Handed, Two-Handed Backhand",https://www.atptour.com/en/players/theo-fournerie/f916/player-activity?year=all&matchType=Singles,78.0,1997-03-06,,788
176,Tim Van Terheijden,Netherlands,185.0,"Left-Handed, Unknown Backhand",https://www.atptour.com/en/players/tim-van-terheijden/v626/player-activity?year=all&matchType=Singles,78.0,1990-01-20,,301
177,Louis Chaix,France,185.0,Right-Handed,https://www.atptour.com/en/players/louis-chaix/cn76/player-activity?year=all&matchType=Singles,78.0,1995-05-14,,1259
178,Tom Farquharson,Great Britain,185.0,Right-Handed,https://www.atptour.com/en/players/tom-farquharson/f751/player-activity?year=all&matchType=Singles,78.0,1992-02-12,,1145
179,Pirmin Haenle,Germany,185.0,Right-Handed,https://www.atptour.com/en/players/pirmin-haenle/h844/player-activity?year=all&matchType=Singles,78.0,1988-10-31,,426
180,Timon Reichelt,Germany,185.0,Right-Handed,https://www.atptour.com/en/players/timon-reichelt/rb27/player-activity?year=all&matchType=Singles,78.0,1989-05-19,,627
181,Stephan Fransen,Netherlands,185.0,Right-Handed,https://www.atptour.com/en/players/stephan-fransen/f663/player-activity?year=all&matchType=Singles,78.0,1988-08-08,,141
182,Moritz Dettinger,Germany,185.0,Right-Handed,https://www.atptour.com/en/players/moritz-dettinger/d998/player-activity?year=all&matchType=Singles,78.0,1991-01-24,,874
183,Stijn Slump,Netherlands,185.0,"Right-Handed, Unknown Backhand",https://www.atptour.com/en/players/stijn-slump/s0e6/player-activity?year=all&matchType=Singles,85.0,1999-01-21,Marc Duncker,1046
184,Seppe Cuypers,Belgium,185.0,Right-Handed,https://www.atptour.com/en/players/seppe-cuypers/c09c/player-activity?year=all&matchType=Singles,78.0,1998-06-24,,
185,Tom Schonenberg,Germany,185.0,"Right-Handed, Unknown Backhand",https://www.atptour.com/en/players/tom-schonenberg/so25/player-activity?year=all&matchType=Singles,75.0,1991-06-15,,673
186,Victor Poncelet,Belgium,185.0,Right-Handed,https://www.atptour.com/en/players/victor-poncelet/pm60/player-activity?year=all&matchType=Singles,78.0,1997-12-26,,1063
187,Floris Van Den Brink,Netherlands,185.0,"Right-Handed, Two-Handed Backhand",https://www.atptour.com/en/players/floris-van-den-brink/v09g/player-activity?year=all&matchType=Singles,78.0,1995-07-21,,1487
188,Mark-flavius Andres,Germany,185.0,Right-Handed,https://www.atptour.com/en/players/mark-flavius-andres/ac75/player-activity?year=all&matchType=Singles,78.0,1992-11-27,,1548
189,Adrian Sikora,Slovakia,185.0,Right-Handed,https://www.atptour.com/en/players/adrian-sikora/se78/player-activity?year=all&matchType=Singles,78.0,1988-07-05,,352
190,Romain Sichez,France,185.0,Right-Handed,https://www.atptour.com/en/players/romain-sichez/sk52/player-activity?year=all&matchType=Singles,78.0,1990-09-24,,413
191,Dennis Bogaert,Belgium,185.0,"Right-Handed, Two-Handed Backhand",https://www.atptour.com/en/players/dennis-bogaert/bp62/player-activity?year=all&matchType=Singles,78.0,1992-03-06,,1389
192,Arnaud Neveux,Belgium,185.0,Right-Handed,https://www.atptour.com/en/players/arnaud-neveux/n834/player-activity?year=all&matchType=Singles,78.0,1994-12-27,,
193,Simen Sunde Bratholm,Norway,185.0,"Right-Handed, Two-Handed Backhand",https://www.atptour.com/en/players/simen-sunde-bratholm/b0a4/player-activity?year=all&matchType=Singles,78.0,1999-03-04,,
194,Nils Brinkmann,,193.0,"Right-Handed, Two-Handed Backhand",https://www.atptour.com/en/players/nils-brinkmann/bj48/player-activity?year=all&matchType=Singles,82.0,1992-06-25,,
195,Per Henricsson,,191.0,"Right-Handed, Unknown Backhand",https://www.atptour.com/en/players/per-henricsson/h155/player-activity?year=all&matchType=Singles,75.0,1969-08-09,,
196,Harold Solomon,,168.0,"Right-Handed, Unknown Backhand",https://www.atptour.com/en/players/harold-solomon/s065/player-activity?year=all&matchType=Singles,59.0,1952-09-17,,
197,Jan-Willem Lodder,,193.0,"Right-Handed, Unknown Backhand",https://www.atptour.com/en/players/jan-willem-lodder/l343/player-activity?year=all&matchType=Singles,73.0,1966-11-03,,
198,Gerardo Vacarezza,,185.0,"Right-Handed, Unknown Backhand",https://www.atptour.com/en/players/gerardo-vacarezza/v001/player-activity?year=all&matchType=Singles,78.0,,,
199,Adrien Bossel,Switzerland,185.0,Left-Handed,https://www.atptour.com/en/players/adrien-bossel/bf27/player-activity?year=all&matchType=Singles,78.0,1986-12-28,,401
200,Larry Scott,,188.0,"Right-Handed, Unknown Backhand",https://www.atptour.com/en/players/larry-scott/s211/player-activity?year=all&matchType=Singles,82.0,1964-11-21,,
201,Radek Zahraj,Czech Republic,185.0,"Right-Handed, Unknown Backhand",https://www.atptour.com/en/players/radek-zahraj/z038/player-activity?year=all&matchType=Singles,78.0,1968-04-21,,
202,Juan Antonio Rodriguez,,180.0,"Right-Handed, Unknown Backhand",https://www.atptour.com/en/players/juan-antonio-rodriguez/r035/player-activity?year=all&matchType=Singles,68.0,1962-05-05,,
203,Josef Cihak,,185.0,"Right-Handed, Unknown Backhand",https://www.atptour.com/en/players/josef-cihak/c036/player-activity?year=all&matchType=Singles,76.0,1963-03-19,,
204,Jan Kodes,Czech Republic,175.0,"Right-Handed, Unknown Backhand",https://www.atptour.com/en/players/jan-kodes/k049/player-activity?year=all&matchType=Singles,81.0,1946-03-01,,
205,Stefano Mezzadri,Switzerland,185.0,"Right-Handed, Unknown Backhand",https://www.atptour.com/en/players/stefano-mezzadri/m339/player-activity?year=all&matchType=Singles,78.0,,,
206,Fernando Luna,Spain,175.0,"Right-Handed, Unknown Backhand",https://www.atptour.com/en/players/fernando-luna/l043/player-activity?year=all&matchType=Singles,68.0,1958-04-24,,
207,Juan Aguilera,,183.0,"Right-Handed, Unknown Backhand",https://www.atptour.com/en/players/juan-aguilera/a007/player-activity?year=all&matchType=Singles,68.0,1962-03-22,,
208,Marcos Hocevar,,185.0,"Right-Handed, Unknown Backhand",https://www.atptour.com/en/players/marcos-hocevar/h026/player-activity?year=all&matchType=Singles,84.0,1955-09-25,,
209,Johan Kriek,USA,175.0,"Right-Handed, Unknown Backhand",https://www.atptour.com/en/players/johan-kriek/k022/player-activity?year=all&matchType=Singles,76.0,1958-04-05,,
210,Bruno Oresar,,175.0,"Right-Handed, Unknown Backhand",https://www.atptour.com/en/players/bruno-oresar/o018/player-activity?year=all&matchType=Singles,67.0,1967-04-21,,
211,Mark Kratzmann,Australia,175.0,"Left-Handed, One-Handed Backhand",https://www.atptour.com/en/players/mark-kratzmann/k021/player-activity?year=all&matchType=Singles,85.0,1966-05-17,,
212,Slobodan Zivojinovic,,198.0,"Right-Handed, Unknown Backhand",https://www.atptour.com/en/players/slobodan-zivojinovic/z006/player-activity?year=all&matchType=Singles,100.0,1963-07-23,,
213,Milan Srejber,,203.0,"Right-Handed, Unknown Backhand",https://www.atptour.com/en/players/milan-srejber/s072/player-activity?year=all&matchType=Singles,98.0,1963-12-30,,
214,Juan Gisbert Sr,Spain,188.0,"Right-Handed, Unknown Backhand",https://www.atptour.com/en/players/juan-gisbert-sr/g076/player-activity?year=all&matchType=Singles,82.0,1942-04-05,,
215,Michael Tauson,,193.0,"Right-Handed, Unknown Backhand",https://www.atptour.com/en/players/michael-tauson/t010/player-activity?year=all&matchType=Singles,84.0,1966-06-25,,
216,David De Miguel,Spain,175.0,"Right-Handed, Unknown Backhand",https://www.atptour.com/en/players/david-de-miguel/d012/player-activity?year=all&matchType=Singles,66.0,1965-02-07,,
217,Fabian Blengino,,185.0,"Right-Handed, Unknown Backhand",https://www.atptour.com/en/players/fabian-blengino/b049/player-activity?year=all&matchType=Singles,78.0,,,
218,Steve Guy,,188.0,"Right-Handed, Unknown Backhand",https://www.atptour.com/en/players/steve-guy/g055/player-activity?year=all&matchType=Singles,83.0,1959-03-15,,
219,Ricardo Acioly,,178.0,"Right-Handed, One-Handed Backhand",https://www.atptour.com/en/players/ricardo-acioly/a042/player-activity?year=all&matchType=Singles,82.0,1964-02-04,,
220,Jorgen Windahl,,183.0,"Right-Handed, Unknown Backhand",https://www.atptour.com/en/players/jorgen-windahl/w028/player-activity?year=all&matchType=Singles,75.0,1963-03-12,Birger Folke,
221,Conny Falk,,188.0,"Right-Handed, Unknown Backhand",https://www.atptour.com/en/players/conny-falk/f129/player-activity?year=all&matchType=Singles,70.0,1966-11-30,,
222,Glenn Layendecker,,185.0,"Left-Handed, Unknown Backhand",https://www.atptour.com/en/players/glenn-layendecker/l010/player-activity?year=all&matchType=Singles,79.0,1961-05-09,,
223,Arnaud Bovy,Belgium,180.0,"Left-Handed, Two-Handed Backhand",https://www.atptour.com/en/players/arnaud-bovy/b0gb/player-activity?year=all&matchType=Singles,80.0,2000-09-17,,571
224,Alex Knaff,Luxembourg,193.0,"Right-Handed, Two-Handed Backhand",https://www.atptour.com/en/players/alex-knaff/kj00/player-activity?year=all&matchType=Singles,85.0,1997-11-26,Gilles Muller,370
225,Alessandro Petrone,Italy,185.0,Right-Handed,https://www.atptour.com/en/players/alessandro-petrone/pc63/player-activity?year=all&matchType=Singles,78.0,1990-12-23,,669
226,Alejo Vilaro,Argentina,178.0,"Right-Handed, Two-Handed Backhand",https://www.atptour.com/en/players/alejo-vilaro/va28/player-activity?year=all&matchType=Singles,74.0,1995-09-26,Oscar Rodriguez,975
227,Agustin Velotti,Argentina,185.0,"Right-Handed, Unknown Backhand",https://www.atptour.com/en/players/agustin-velotti/v620/player-activity?year=all&matchType=Singles,78.0,1992-05-24,Carlos Berlocq,166
228,Alexis Boureau,France,185.0,Right-Handed,https://www.atptour.com/en/players/alexis-boureau/b0ea/player-activity?year=all&matchType=Singles,78.0,1996-04-25,,1225
229,Eric Jelen,,180.0,"Right-Handed, Unknown Backhand",https://www.atptour.com/en/players/eric-jelen/j008/player-activity?year=all&matchType=Singles,77.0,1965-03-11,,
230,Sergio Casal,Spain,185.0,"Right-Handed, Unknown Backhand",https://www.atptour.com/en/players/sergio-casal/c024/player-activity?year=all&matchType=Singles,77.0,1962-09-08,,
231,Francesco Michelotti,,185.0,"Right-Handed, Unknown Backhand",https://www.atptour.com/en/players/francesco-michelotti/m420/player-activity?year=all&matchType=Singles,78.0,,,
232,Thomas Hogstedt,,191.0,"Right-Handed, Unknown Backhand",https://www.atptour.com/en/players/thomas-hogstedt/h029/player-activity?year=all&matchType=Singles,77.0,1963-09-21,,
233,Gunther Vanderveeren,,185.0,"Right-Handed, Unknown Backhand",https://www.atptour.com/en/players/gunther-vanderveeren/v124/player-activity?year=all&matchType=Singles,78.0,,,
234,Stephane Grenier,,191.0,"Right-Handed, Unknown Backhand",https://www.atptour.com/en/players/stephane-grenier/g199/player-activity?year=all&matchType=Singles,66.0,1968-01-09,,
235,Christian Geyer,Germany,183.0,"Left-Handed, Unknown Backhand",https://www.atptour.com/en/players/christian-geyer/g010/player-activity?year=all&matchType=Singles,72.0,1964-04-12,,
236,Jonathan Canter,,185.0,"Right-Handed, Unknown Backhand",https://www.atptour.com/en/players/jonathan-canter/c011/player-activity?year=all&matchType=Singles,79.0,1965-06-04,,
237,Johan Anderson,,183.0,"Right-Handed, Unknown Backhand",https://www.atptour.com/en/players/johan-anderson/a163/player-activity?year=all&matchType=Singles,78.0,1971-09-29,,
238,Bart Wuyts,,178.0,"Right-Handed, Unknown Backhand",https://www.atptour.com/en/players/bart-wuyts/w133/player-activity?year=all&matchType=Singles,68.0,1969-09-15,,
239,Diego Perez,Spain,178.0,"Right-Handed, Unknown Backhand",https://www.atptour.com/en/players/diego-perez/p021/player-activity?year=all&matchType=Singles,75.0,1962-02-09,,
240,Ivan Lendl,USA,188.0,"Right-Handed, One-Handed Backhand",https://www.atptour.com/en/players/ivan-lendl/l018/player-activity?year=all&matchType=Singles,79.0,1960-03-07,Jay Bosworth,
241,Tom Nijssen,,173.0,"Right-Handed, One-Handed Backhand",https://www.atptour.com/en/players/tom-nijssen/n018/player-activity?year=all&matchType=Singles,70.0,1964-10-01,Fred Hemmes,
242,Yannick Noah,France,193.0,"Right-Handed, Unknown Backhand",https://www.atptour.com/en/players/yannick-noah/n022/player-activity?year=all&matchType=Singles,82.0,1960-05-18,Patrice Hagelauer,
243,Tarik Benhabiles,France,175.0,"Right-Handed, Unknown Backhand",https://www.atptour.com/en/players/tarik-benhabiles/b037/player-activity?year=all&matchType=Singles,64.0,1965-02-05,,
244,Christer Allgardh,Sweden,191.0,"Right-Handed, Unknown Backhand",https://www.atptour.com/en/players/christer-allgardh/a018/player-activity?year=all&matchType=Singles,77.0,1967-02-20,Ulf Eriksson,
245,Simon Youl,,185.0,"Right-Handed, Unknown Backhand",https://www.atptour.com/en/players/simon-youl/y002/player-activity?year=all&matchType=Singles,77.0,1965-07-01,,
246,Olivier Soules,,188.0,"Right-Handed, Unknown Backhand",https://www.atptour.com/en/players/olivier-soules/s387/player-activity?year=all&matchType=Singles,86.0,1967-03-24,,
247,Stephane Sansoni,,180.0,"Right-Handed, Unknown Backhand",https://www.atptour.com/en/players/stephane-sansoni/s360/player-activity?year=all&matchType=Singles,78.0,1967-08-12,,
248,Jan Gunnarsson,,185.0,"Right-Handed, Unknown Backhand",https://www.atptour.com/en/players/jan-gunnarsson/g053/player-activity?year=all&matchType=Singles,80.0,1962-05-30,,
249,Richard Matuszewski,USA,188.0,"Right-Handed, Unknown Backhand",https://www.atptour.com/en/players/richard-matuszewski/m032/player-activity?year=all&matchType=Singles,77.0,1964-09-07,,
250,Daniel Marco,Brazil,178.0,"Right-Handed, Unknown Backhand",https://www.atptour.com/en/players/daniel-marco/m105/player-activity?year=all&matchType=Singles,80.0,1966-01-31,,
251,John Fitzgerald,Australia,183.0,"Right-Handed, Unknown Backhand",https://www.atptour.com/en/players/john-fitzgerald/f028/player-activity?year=all&matchType=Singles,77.0,1960-12-28,Syd Ball,
252,Fernando Roese,,191.0,"Right-Handed, Unknown Backhand",https://www.atptour.com/en/players/fernando-roese/r036/player-activity?year=all&matchType=Singles,82.0,1965-08-24,,
253,Patrik Albertsson,,183.0,"Left-Handed, Unknown Backhand",https://www.atptour.com/en/players/patrik-albertsson/a180/player-activity?year=all&matchType=Singles,69.0,1970-06-07,,
254,Kevin Curren,,185.0,"Right-Handed, Unknown Backhand",https://www.atptour.com/en/players/kevin-curren/c057/player-activity?year=all&matchType=Singles,77.0,1958-03-02,Warren Jacques,
255,Jose-Luis Aparisi,Spain,178.0,"Right-Handed, Unknown Backhand",https://www.atptour.com/en/players/jose-luis-aparisi/a158/player-activity?year=all&matchType=Singles,66.0,1969-03-11,,
256,Vijay Amritraj,India,193.0,"Right-Handed, Unknown Backhand",https://www.atptour.com/en/players/vijay-amritraj/a022/player-activity?year=all&matchType=Singles,86.0,1953-12-14,,
257,Bjorn Borg,Sweden,180.0,"Right-Handed, Two-Handed Backhand",https://www.atptour.com/en/players/bjorn-borg/b058/player-activity?year=all&matchType=Singles,73.0,1956-06-06,Lennart Bergelin,
258,Aki Rahunen,,175.0,"Right-Handed, Unknown Backhand",https://www.atptour.com/en/players/aki-rahunen/r193/player-activity?year=all&matchType=Singles,60.0,1971-12-24,,
259,Marko Ostoja,,175.0,"Right-Handed, Unknown Backhand",https://www.atptour.com/en/players/marko-ostoja/o025/player-activity?year=all&matchType=Singles,70.0,1960-10-20,,
260,Paul Dogger,,185.0,"Right-Handed, Unknown Backhand",https://www.atptour.com/en/players/paul-dogger/d188/player-activity?year=all&matchType=Singles,63.0,1971-07-04,,
261,Bruce Derlin,,180.0,"Left-Handed, Unknown Backhand",https://www.atptour.com/en/players/bruce-derlin/d022/player-activity?year=all&matchType=Singles,75.0,1961-11-28,,
262,Carl Limberger,,170.0,"Right-Handed, Unknown Backhand",https://www.atptour.com/en/players/carl-limberger/l030/player-activity?year=all&matchType=Singles,73.0,1964-01-24,,
263,Michael Walker,,183.0,"Left-Handed, Unknown Backhand",https://www.atptour.com/en/players/michael-walker/w003/player-activity?year=all&matchType=Singles,75.0,1965-04-21,,
264,Eduardo Masso,,178.0,"Left-Handed, Unknown Backhand",https://www.atptour.com/en/players/eduardo-masso/m031/player-activity?year=all&matchType=Singles,78.0,1964-01-11,,
265,Tim Mayotte,,191.0,"Right-Handed, Unknown Backhand",https://www.atptour.com/en/players/tim-mayotte/m041/player-activity?year=all&matchType=Singles,84.0,1960-08-03,,
266,Darren Cahill,Australia,185.0,"Right-Handed, One-Handed Backhand",https://www.atptour.com/en/players/darren-cahill/c001/player-activity?year=all&matchType=Singles,84.0,1965-10-02,,
267,Tim Wilkison,,180.0,"Left-Handed, Unknown Backhand",https://www.atptour.com/en/players/tim-wilkison/w019/player-activity?year=all&matchType=Singles,73.0,1959-11-23,,
268,Broderick Dyke,,180.0,"Left-Handed, Two-Handed Backhand",https://www.atptour.com/en/players/broderick-dyke/d049/player-activity?year=all&matchType=Singles,85.0,1960-12-31,,
269,Michiel Schapers,,198.0,"Right-Handed, One-Handed Backhand",https://www.atptour.com/en/players/michiel-schapers/s021/player-activity?year=all&matchType=Singles,95.0,1959-10-11,,
270,Andres Gomez,Mexico,193.0,"Left-Handed, Unknown Backhand",https://www.atptour.com/en/players/andres-gomez/g023/player-activity?year=all&matchType=Singles,84.0,1960-02-27,Colon Nunez,
271,Eric Winogradsky,,188.0,"Right-Handed, Unknown Backhand",https://www.atptour.com/en/players/eric-winogradsky/w026/player-activity?year=all&matchType=Singles,80.0,1966-04-22,,
272,Federico Mordegan,Italy,170.0,"Right-Handed, Unknown Backhand",https://www.atptour.com/en/players/federico-mordegan/m401/player-activity?year=all&matchType=Singles,72.0,1970-02-01,,
273,Markus Naewie,,191.0,"Right-Handed, Unknown Backhand",https://www.atptour.com/en/players/markus-naewie/n117/player-activity?year=all&matchType=Singles,80.0,1970-01-07,,
274,Chris Garner,,180.0,"Right-Handed, Unknown Backhand",https://www.atptour.com/en/players/chris-garner/g196/player-activity?year=all&matchType=Singles,77.0,1969-04-07,,
275,Fredrik Perman,,193.0,"Right-Handed, Unknown Backhand",https://www.atptour.com/en/players/fredrik-perman/p211/player-activity?year=all&matchType=Singles,86.0,1968-07-09,,
276,Tomas Weindorfer,,185.0,"Right-Handed, Unknown Backhand",https://www.atptour.com/en/players/tomas-weindorfer/w159/player-activity?year=all&matchType=Singles,78.0,,,
277,Michael Daniel,Israel,188.0,"Right-Handed, Unknown Backhand",https://www.atptour.com/en/players/michael-daniel/d184/player-activity?year=all&matchType=Singles,82.0,1965-11-21,,
278,Massimo Cierro,,173.0,"Right-Handed, Unknown Backhand",https://www.atptour.com/en/players/massimo-cierro/c035/player-activity?year=all&matchType=Singles,70.0,1964-05-07,,
279,Srinivasan Vasudevan,,191.0,"Right-Handed, Unknown Backhand",https://www.atptour.com/en/players/srinivasan-vasudevan/v018/player-activity?year=all&matchType=Singles,80.0,1962-01-04,Illyas Ghouse,
280,Raul Antonio Viver,,191.0,"Left-Handed, Unknown Backhand",https://www.atptour.com/en/players/raul-antonio-viver/v034/player-activity?year=all&matchType=Singles,75.0,1961-03-17,,
281,Hans Priller,Austria,185.0,"Right-Handed, Unknown Backhand",https://www.atptour.com/en/players/hans-priller/p232/player-activity?year=all&matchType=Singles,78.0,,,
282,Jakob Johansson-Holm,Sweden,185.0,Right-Handed,https://www.atptour.com/en/players/jakob-johansson-holm/j724/player-activity?year=all&matchType=Singles,78.0,1995-05-15,,1176
283,Guy Den Heijer,Netherlands,185.0,Right-Handed,https://www.atptour.com/en/players/guy-den-heijer/dh18/player-activity?year=all&matchType=Singles,78.0,1997-03-30,,737
284,Felipe Derdoy,Argentina,185.0,Right-Handed,https://www.atptour.com/en/players/felipe-derdoy/dg99/player-activity?year=all&matchType=Singles,78.0,1997-02-09,,1287
285,Dominik Boehler,Germany,185.0,"Right-Handed, Two-Handed Backhand",https://www.atptour.com/en/players/dominik-boehler/bt42/player-activity?year=all&matchType=Singles,78.0,1996-02-21,,718
286,Loic Cloes,Belgium,185.0,"Right-Handed, Two-Handed Backhand",https://www.atptour.com/en/players/loic-cloes/c09d/player-activity?year=all&matchType=Singles,78.0,1998-11-13,,615
287,Rayane Oumaouche,France,185.0,Left-Handed,https://www.atptour.com/en/players/rayane-oumaouche/o09n/player-activity?year=all&matchType=Singles,78.0,1997-06-22,,1424
288,Luka Pavlovic,France,185.0,Right-Handed,https://www.atptour.com/en/players/luka-pavlovic/p0ay/player-activity?year=all&matchType=Singles,78.0,2000-03-30,,988
289,Luis Humberto Lopez,Mexico,185.0,Right-Handed,https://www.atptour.com/en/players/luis-humberto-lopez/l0dd/player-activity?year=all&matchType=Singles,78.0,1997-07-26,,1296
290,Deney Wassermann,Netherlands,191.0,"Right-Handed, One-Handed Backhand",https://www.atptour.com/en/players/deney-wassermann/w0bd/player-activity?year=all&matchType=Singles,91.0,2001-03-25,Martijn Bok,1442
291,Dayne Kelly,Australia,185.0,"Right-Handed, Unknown Backhand",https://www.atptour.com/en/players/dayne-kelly/ka22/player-activity?year=all&matchType=Singles,78.0,1990-07-23,,252
292,Claudio Fortuna,Italy,185.0,Right-Handed,https://www.atptour.com/en/players/claudio-fortuna/f747/player-activity?year=all&matchType=Singles,78.0,1990-04-19,,417
293,Christian Sigsgaard,Denmark,188.0,"Right-Handed, One-Handed Backhand",https://www.atptour.com/en/players/christian-sigsgaard/sy00/player-activity?year=all&matchType=Singles,88.0,1997-03-14,,411
294,Cheong-Eui Kim,South Korea,185.0,Right-Handed,https://www.atptour.com/en/players/cheong-eui-kim/k863/player-activity?year=all&matchType=Singles,78.0,1990-03-23,,435
295,Boris Fassbender,France,185.0,"Right-Handed, Unknown Backhand",https://www.atptour.com/en/players/boris-fassbender/fc25/player-activity?year=all&matchType=Singles,78.0,1998-03-20,,1244
296,Bastian Malla,Chile,185.0,Right-Handed,https://www.atptour.com/en/players/bastian-malla/mm24/player-activity?year=all&matchType=Singles,78.0,1996-09-22,,544
297,Colin Van Beem,Netherlands,185.0,Right-Handed,https://www.atptour.com/en/players/colin-van-beem/v750/player-activity?year=all&matchType=Singles,78.0,1992-04-28,,480
298,Daniel De Jonge,Netherlands,185.0,Right-Handed,https://www.atptour.com/en/players/daniel-de-jonge/d0cu/player-activity?year=all&matchType=Singles,78.0,1999-08-17,,813
299,Jimmy Connors,USA,178.0,"Left-Handed, Two-Handed Backhand",https://www.atptour.com/en/players/jimmy-connors/c044/player-activity?year=all&matchType=Singles,70.0,1952-09-02,,
300,Simon Dickson,Great Britain,185.0,"Right-Handed, Unknown Backhand",https://www.atptour.com/en/players/simon-dickson/d383/player-activity?year=all&matchType=Singles,78.0,1982-02-25,,271
301,Sebastian Jaeger,Germany,185.0,"Right-Handed, Unknown Backhand",https://www.atptour.com/en/players/sebastian-jaeger/j182/player-activity?year=all&matchType=Singles,78.0,1980-07-25,,255
302,Gregory Girault,France,185.0,"Right-Handed, Unknown Backhand",https://www.atptour.com/en/players/gregory-girault/g438/player-activity?year=all&matchType=Singles,78.0,1973-07-19,,827
303,Rainer Falenti,Austria,185.0,"Right-Handed, Unknown Backhand",https://www.atptour.com/en/players/rainer-falenti/f263/player-activity?year=all&matchType=Singles,78.0,1973-02-15,,815
304,Ion Moldovan,,188.0,"Right-Handed, One-Handed Backhand",https://www.atptour.com/en/players/ion-moldovan/m600/player-activity?year=all&matchType=Singles,90.0,1978-01-17,Liviu Vasilescu,
305,Maxime Boye,France,185.0,"Right-Handed, Unknown Backhand",https://www.atptour.com/en/players/maxime-boye/b491/player-activity?year=all&matchType=Singles,78.0,1976-03-06,,235
306,Agustin Garizzio,Argentina,185.0,"Right-Handed, Unknown Backhand",https://www.atptour.com/en/players/agustin-garizzio/g216/player-activity?year=all&matchType=Singles,73.0,1970-03-19,,921
307,Alberto Banus-Sado,Spain,185.0,"Right-Handed, Unknown Backhand",https://www.atptour.com/en/players/alberto-banus-sado/b551/player-activity?year=all&matchType=Singles,78.0,1974-06-06,,1089
308,Filippo Messori,Italy,173.0,"Right-Handed, Unknown Backhand",https://www.atptour.com/en/players/filippo-messori/m511/player-activity?year=all&matchType=Singles,68.0,1973-11-12,,73
309,Patrik Fredriksson,Sweden,185.0,"Right-Handed, Unknown Backhand",https://www.atptour.com/en/players/patrik-fredriksson/f278/player-activity?year=all&matchType=Singles,76.0,1973-05-16,,135
310,Henrik Andersson,Sweden,0.0,"Right-Handed, Unknown Backhand",https://www.atptour.com/en/players/henrik-andersson/a280/player-activity?year=all&matchType=Singles,0.0,1977-05-02,,356
311,Fabrice Betencourt,France,185.0,"Right-Handed, Unknown Backhand",https://www.atptour.com/en/players/fabrice-betencourt/b688/player-activity?year=all&matchType=Singles,78.0,1973-09-17,,617
312,Kalle Flygt,Sweden,185.0,"Right-Handed, Unknown Backhand",https://www.atptour.com/en/players/kalle-flygt/f290/player-activity?year=all&matchType=Singles,78.0,1976-06-15,,401
313,Fredrik Loven,Sweden,185.0,"Right-Handed, Unknown Backhand",https://www.atptour.com/en/players/fredrik-loven/l364/player-activity?year=all&matchType=Singles,78.0,1976-05-25,,212
314,Timothy Aerts,Belgium,0.0,"Right-Handed, Unknown Backhand",https://www.atptour.com/en/players/timothy-aerts/a260/player-activity?year=all&matchType=Singles,0.0,1976-09-14,,426
315,Charles-Edouard Maria,,185.0,"Right-Handed, Unknown Backhand",https://www.atptour.com/en/players/charles-edouard-maria/m620/player-activity?year=all&matchType=Singles,78.0,1974-05-18,,
316,Arnaud Fontaine,Belgium,185.0,"Right-Handed, Unknown Backhand",https://www.atptour.com/en/players/arnaud-fontaine/f284/player-activity?year=all&matchType=Singles,78.0,1977-05-17,,299
317,Lee Pearson,Australia,185.0,"Right-Handed, Unknown Backhand",https://www.atptour.com/en/players/lee-pearson/p388/player-activity?year=all&matchType=Singles,78.0,1976-09-06,,127
318,Martin Rodriguez,Argentina,178.0,"Right-Handed, Unknown Backhand",https://www.atptour.com/en/players/martin-rodriguez/r251/player-activity?year=all&matchType=Singles,75.0,1969-12-18,Horacio De La Pena,
319,Dariusz Kuligowski,Germany,185.0,Right-Handed,https://www.atptour.com/en/players/dariusz-kuligowski/ka06/player-activity?year=all&matchType=Singles,78.0,1987-03-19,,
320,Christopher Koderisch,Germany,180.0,Right-Handed,https://www.atptour.com/en/players/christopher-koderisch/k696/player-activity?year=all&matchType=Singles,73.0,,,473
321,Marc Canovas,Spain,185.0,"Right-Handed, Unknown Backhand",https://www.atptour.com/en/players/marc-canovas/c536/player-activity?year=all&matchType=Singles,78.0,1978-09-14,,416
322,Romano Tatuhey,Antily (NIZ),185.0,Right-Handed,https://www.atptour.com/en/players/romano-tatuhey/t838/player-activity?year=all&matchType=Singles,78.0,,,1118
323,Philipp Hammer,Germany,185.0,"Right-Handed, Unknown Backhand",https://www.atptour.com/en/players/philipp-hammer/h500/player-activity?year=all&matchType=Singles,78.0,1981-07-19,,467
324,Olivier Vandewiele,France,185.0,Right-Handed,https://www.atptour.com/en/players/olivier-vandewiele/v409/player-activity?year=all&matchType=Singles,78.0,,,1218
325,Juan-Luis Rascon-Lope,Spain,185.0,"Right-Handed, Unknown Backhand",https://www.atptour.com/en/players/juan-luis-rascon-lope/r240/player-activity?year=all&matchType=Singles,78.0,1971-03-02,,607
326,Massimo Ocera,Italy,185.0,Right-Handed,https://www.atptour.com/en/players/massimo-ocera/o176/player-activity?year=all&matchType=Singles,78.0,1982-03-24,,385
327,Dominique Coene,Belgium,185.0,Right-Handed,https://www.atptour.com/en/players/dominique-coene/c664/player-activity?year=all&matchType=Singles,78.0,1982-01-23,,324
328,Jean-Michel Durango,Ecuador,185.0,Right-Handed,https://www.atptour.com/en/players/jean-michel-durango/d753/player-activity?year=all&matchType=Singles,78.0,1988-01-22,,998
329,Stefan Kilchhofer,Switzerland,185.0,Right-Handed,https://www.atptour.com/en/players/stefan-kilchhofer/k738/player-activity?year=all&matchType=Singles,78.0,1986-01-03,,712
330,Sebastien Lami,France,185.0,"Right-Handed, Unknown Backhand",https://www.atptour.com/en/players/sebastien-lami/l387/player-activity?year=all&matchType=Singles,78.0,1977-02-10,,556
331,Bernard Parun,Germany,185.0,"Right-Handed, Unknown Backhand",https://www.atptour.com/en/players/bernard-parun/p456/player-activity?year=all&matchType=Singles,78.0,1979-05-24,,396
332,Carlos Gomez-Diaz,Argentina,185.0,"Right-Handed, Unknown Backhand",https://www.atptour.com/en/players/carlos-gomez-diaz/g214/player-activity?year=all&matchType=Singles,78.0,1968-12-24,,
333,Gergely Kisgyorgy,Hungary,185.0,"Right-Handed, Unknown Backhand",https://www.atptour.com/en/players/gergely-kisgyorgy/k299/player-activity?year=all&matchType=Singles,78.0,1976-03-08,,109
334,Joan Jimenez-Guerra,Andorra,185.0,"Right-Handed, Unknown Backhand",https://www.atptour.com/en/players/joan-jimenez-guerra/j159/player-activity?year=all&matchType=Singles,78.0,1978-01-24,,357
335,Francisco Cabello,Argentina,191.0,"Right-Handed, Unknown Backhand",https://www.atptour.com/en/players/francisco-cabello/c457/player-activity?year=all&matchType=Singles,83.0,1972-12-06,Juan Carlos Rivarola,133
336,Steven Korteling,Netherlands,185.0,Right-Handed,https://www.atptour.com/en/players/steven-korteling/k740/player-activity?year=all&matchType=Singles,78.0,1984-01-16,,456
337,Bertrand Contzler,France,185.0,Right-Handed,https://www.atptour.com/en/players/bertrand-contzler/c677/player-activity?year=all&matchType=Singles,78.0,1982-03-22,,716
338,Marcello Craca,Germany,180.0,"Right-Handed, Unknown Backhand",https://www.atptour.com/en/players/marcello-craca/c439/player-activity?year=all&matchType=Singles,76.0,1974-10-27,Corrado Barazzutti,399
339,Jan Weinzierl,Germany,185.0,"Right-Handed, Unknown Backhand",https://www.atptour.com/en/players/jan-weinzierl/w201/player-activity?year=all&matchType=Singles,78.0,1973-05-01,,232
340,Jakob Hlasek,Switzerland,188.0,"Right-Handed, One-Handed Backhand",https://www.atptour.com/en/players/jakob-hlasek/h025/player-activity?year=all&matchType=Singles,78.0,1964-11-12,Ivo Werner,
341,Daniele Balducci,Italy,185.0,"Right-Handed, Unknown Backhand",https://www.atptour.com/en/players/daniele-balducci/b390/player-activity?year=all&matchType=Singles,78.0,1970-09-10,,701
342,Christian Saceanu,Germany,191.0,"Right-Handed, Unknown Backhand",https://www.atptour.com/en/players/christian-saceanu/s288/player-activity?year=all&matchType=Singles,80.0,1968-07-08,,
343,Nicklas Utgren,Sweden,188.0,"Right-Handed, Unknown Backhand",https://www.atptour.com/en/players/nicklas-utgren/u020/player-activity?year=all&matchType=Singles,82.0,1969-01-12,,
344,Ruben Gajardo,Chile,185.0,"Right-Handed, Unknown Backhand",https://www.atptour.com/en/players/ruben-gajardo/g165/player-activity?year=all&matchType=Singles,78.0,1968-01-05,,
345,Gabriel Markus,Argentina,180.0,"Right-Handed, Unknown Backhand",https://www.atptour.com/en/players/gabriel-markus/m412/player-activity?year=all&matchType=Singles,76.0,1970-03-31,,
346,Emilio Sanchez,Spain,180.0,"Right-Handed, Unknown Backhand",https://www.atptour.com/en/players/emilio-sanchez/s014/player-activity?year=all&matchType=Singles,74.0,1965-05-29,Pato Alvarez,
347,Patrik Kuhnen,,191.0,"Right-Handed, Unknown Backhand",https://www.atptour.com/en/players/patrik-kuhnen/k030/player-activity?year=all&matchType=Singles,82.0,1966-02-11,Helmut Luthy,
348,Sule Ladipo,,180.0,"Right-Handed, Unknown Backhand",https://www.atptour.com/en/players/sule-ladipo/l249/player-activity?year=all&matchType=Singles,75.0,1974-04-09,,
349,Pierre Bouteyre,France,185.0,"Right-Handed, Unknown Backhand",https://www.atptour.com/en/players/pierre-bouteyre/b439/player-activity?year=all&matchType=Singles,82.0,1971-09-07,,
350,Chuck Adams,USA,185.0,"Right-Handed, Unknown Backhand",https://www.atptour.com/en/players/chuck-adams/a199/player-activity?year=all&matchType=Singles,81.0,1971-04-23,David Smith,
351,Stefan Edberg,Sweden,188.0,"Right-Handed, Unknown Backhand",https://www.atptour.com/en/players/stefan-edberg/e004/player-activity?year=all&matchType=Singles,77.0,1966-01-19,Tony Pickard,
352,Guy Forget,France,191.0,"Left-Handed, Unknown Backhand",https://www.atptour.com/en/players/guy-forget/f035/player-activity?year=all&matchType=Singles,80.0,1965-01-04,,
353,Jeremy Bates,Great Britain,180.0,"Right-Handed, Unknown Backhand",https://www.atptour.com/en/players/jeremy-bates/b021/player-activity?year=all&matchType=Singles,73.0,1962-06-19,,
354,Amos Mansdorf,,175.0,"Right-Handed, Unknown Backhand",https://www.atptour.com/en/players/amos-mansdorf/m012/player-activity?year=all&matchType=Singles,73.0,1965-10-20,Dean Goldfine,
355,Wally Masur,Australia,180.0,"Right-Handed, Unknown Backhand",https://www.atptour.com/en/players/wally-masur/m030/player-activity?year=all&matchType=Singles,76.0,1963-05-13,Gavin Hopper,
356,Christian Miniussi,Argentina,185.0,"Right-Handed, Unknown Backhand",https://www.atptour.com/en/players/christian-miniussi/m069/player-activity?year=all&matchType=Singles,75.0,1967-07-05,,
357,Jonas Svensson,Sweden,188.0,"Right-Handed, Unknown Backhand",https://www.atptour.com/en/players/jonas-svensson/s101/player-activity?year=all&matchType=Singles,76.0,1966-10-21,Tim Klein,
358,Jaime Yzaga,Peru,170.0,"Right-Handed, Unknown Backhand",https://www.atptour.com/en/players/jaime-yzaga/y017/player-activity?year=all&matchType=Singles,68.0,1967-10-23,Pato Rodriguez,
359,Anders Jarryd,Sweden,180.0,"Right-Handed, Unknown Backhand",https://www.atptour.com/en/players/anders-jarryd/j006/player-activity?year=all&matchType=Singles,70.0,1961-07-13,Jon-Anders Sjogren,
360,Pietro Pennisi,Italy,173.0,"Left-Handed, Unknown Backhand",https://www.atptour.com/en/players/pietro-pennisi/p173/player-activity?year=all&matchType=Singles,67.0,1970-04-11,,
361,Xavier Daufresne,Belgium,193.0,"Right-Handed, Unknown Backhand",https://www.atptour.com/en/players/xavier-daufresne/d190/player-activity?year=all&matchType=Singles,87.0,1968-12-24,,
362,Christian Schaffkes,,185.0,"Right-Handed, Unknown Backhand",https://www.atptour.com/en/players/christian-schaffkes/s520/player-activity?year=all&matchType=Singles,78.0,1971-05-30,,
363,David Engel,Sweden,180.0,"Right-Handed, Unknown Backhand",https://www.atptour.com/en/players/david-engel/e061/player-activity?year=all&matchType=Singles,74.0,1967-10-17,Tim Klein,
364,Francisco Yunis,Argentina,191.0,"Right-Handed, Unknown Backhand",https://www.atptour.com/en/players/francisco-yunis/y003/player-activity?year=all&matchType=Singles,80.0,1964-08-12,,
365,Gilad Bloom,Israel,173.0,"Left-Handed, Unknown Backhand",https://www.atptour.com/en/players/gilad-bloom/b051/player-activity?year=all&matchType=Singles,73.0,1967-03-01,Slomo Zoref,
366,Gonzalo Lopez-Fabero,Spain,191.0,"Right-Handed, One-Handed Backhand",https://www.atptour.com/en/players/gonzalo-lopez-fabero/l224/player-activity?year=all&matchType=Singles,93.0,,,
367,Juan Carlos Baguena,,183.0,"Right-Handed, Unknown Backhand",https://www.atptour.com/en/players/juan-carlos-baguena/b084/player-activity?year=all&matchType=Singles,79.0,1967-01-07,,
368,Mats Wilander,Sweden,183.0,"Right-Handed, Unknown Backhand",https://www.atptour.com/en/players/mats-wilander/w023/player-activity?year=all&matchType=Singles,77.0,1964-08-22,,
369,Jordi Arrese,Spain,175.0,"Right-Handed, Unknown Backhand",https://www.atptour.com/en/players/jordi-arrese/a034/player-activity?year=all&matchType=Singles,64.0,1964-08-29,,
370,Wojtek Kowalski,Poland,183.0,"Right-Handed, Unknown Backhand",https://www.atptour.com/en/players/wojtek-kowalski/k067/player-activity?year=all&matchType=Singles,80.0,1967-10-10,,
371,Carl-Uwe Steeb,Germany,180.0,"Left-Handed, Unknown Backhand",https://www.atptour.com/en/players/carl-uwe-steeb/s080/player-activity?year=all&matchType=Singles,75.0,1967-09-01,Stefan Schasselhuber,
372,Aaron Krickstein,USA,183.0,"Right-Handed, Two-Handed Backhand",https://www.atptour.com/en/players/aaron-krickstein/k023/player-activity?year=all&matchType=Singles,73.0,1967-08-02,Gavin Hopper,
373,Henri Leconte,France,185.0,"Left-Handed, Unknown Backhand",https://www.atptour.com/en/players/henri-leconte/l014/player-activity?year=all&matchType=Singles,79.0,1963-07-04,Gunther Bresnik,
374,Kim Warwick,Australia,183.0,"Right-Handed, Unknown Backhand",https://www.atptour.com/en/players/kim-warwick/w006/player-activity?year=all&matchType=Singles,77.0,1952-04-08,,
375,Yuri Soberon,Belgium,185.0,"Right-Handed, Unknown Backhand",https://www.atptour.com/en/players/yuri-soberon/s654/player-activity?year=all&matchType=Singles,78.0,,,
376,Franck Osvald,France,185.0,Right-Handed,https://www.atptour.com/en/players/franck-osvald/o191/player-activity?year=all&matchType=Singles,78.0,1975-03-06,,
377,Djalmar Sistermans,Netherlands,185.0,"Right-Handed, Unknown Backhand",https://www.atptour.com/en/players/djalmar-sistermans/s733/player-activity?year=all&matchType=Singles,78.0,1976-12-20,,147
378,Cyril Saubion,France,185.0,"Right-Handed, Unknown Backhand",https://www.atptour.com/en/players/cyril-saubion/s812/player-activity?year=all&matchType=Singles,78.0,1973-10-21,,727
379,Aleksander Mierzwinski,Poland,185.0,"Right-Handed, Unknown Backhand",https://www.atptour.com/en/players/aleksander-mierzwinski/m532/player-activity?year=all&matchType=Singles,78.0,1975-12-07,,1246
380,Gene Mayer,USA,183.0,"Right-Handed, Unknown Backhand",https://www.atptour.com/en/players/gene-mayer/m038/player-activity?year=all&matchType=Singles,68.0,1956-04-11,,
381,Tomas Zivnicek,,185.0,Right-Handed,https://www.atptour.com/en/players/tomas-zivnicek/z107/player-activity?year=all&matchType=Singles,78.0,1979-03-21,,
382,German Lopez,Spain,193.0,"Right-Handed, Unknown Backhand",https://www.atptour.com/en/players/german-lopez/l202/player-activity?year=all&matchType=Singles,80.0,1971-12-29,,
383,Ignacio Truyol,Spain,170.0,"Right-Handed, Unknown Backhand",https://www.atptour.com/en/players/ignacio-truyol/t206/player-activity?year=all&matchType=Singles,64.0,1973-08-17,Mario Naturalli,842
384,Cyril Martin,France,185.0,"Right-Handed, Unknown Backhand",https://www.atptour.com/en/players/cyril-martin/m777/player-activity?year=all&matchType=Singles,78.0,1980-02-28,,485
385,Rodrigo Cerdera,Argentina,185.0,"Right-Handed, Unknown Backhand",https://www.atptour.com/en/players/rodrigo-cerdera/c483/player-activity?year=all&matchType=Singles,78.0,1977-02-04,,976
386,Nicklas Kulti,,191.0,"Right-Handed, Unknown Backhand",https://www.atptour.com/en/players/nicklas-kulti/k181/player-activity?year=all&matchType=Singles,88.0,1971-04-22,Martin Bohm,
387,Igor Kornienko,Russia,185.0,"Right-Handed, Unknown Backhand",https://www.atptour.com/en/players/igor-kornienko/k284/player-activity?year=all&matchType=Singles,78.0,1972-07-16,,773
388,Paul Patrick Brabant,Belgium,185.0,Right-Handed,https://www.atptour.com/en/players/paul-patrick-brabant/b726/player-activity?year=all&matchType=Singles,78.0,1976-06-05,,831
389,David Basile,Belgium,185.0,"Right-Handed, Unknown Backhand",https://www.atptour.com/en/players/david-basile/b586/player-activity?year=all&matchType=Singles,78.0,1975-08-31,,354
390,Wim Neefs,Belgium,185.0,"Right-Handed, Unknown Backhand",https://www.atptour.com/en/players/wim-neefs/n257/player-activity?year=all&matchType=Singles,78.0,1976-03-08,,178
391,Jose Imaz-Ruiz,,178.0,"Right-Handed, Unknown Backhand",https://www.atptour.com/en/players/jose-imaz-ruiz/i047/player-activity?year=all&matchType=Singles,70.0,1974-05-30,Alfredo Puente,
392,Gabrio Castrichella,Italy,185.0,"Right-Handed, Unknown Backhand",https://www.atptour.com/en/players/gabrio-castrichella/c306/player-activity?year=all&matchType=Singles,78.0,1972-10-24,,291
393,Robert Orlik,Germany,185.0,"Right-Handed, Unknown Backhand",https://www.atptour.com/en/players/robert-orlik/o108/player-activity?year=all&matchType=Singles,78.0,1974-03-13,,
394,Thierry Massa,Belgium,185.0,"Right-Handed, Unknown Backhand",https://www.atptour.com/en/players/thierry-massa/m658/player-activity?year=all&matchType=Singles,78.0,1972-11-30,,
395,Javier Sanchez,Spain,178.0,"Right-Handed, Unknown Backhand",https://www.atptour.com/en/players/javier-sanchez/s015/player-activity?year=all&matchType=Singles,70.0,1968-02-01,,
396,Carlos Costa,Spain,183.0,"Right-Handed, Unknown Backhand",https://www.atptour.com/en/players/carlos-costa/c179/player-activity?year=all&matchType=Singles,73.0,1968-04-22,Javier Duarte,
397,Alexandre Strambini,Switzerland,185.0,"Right-Handed, Unknown Backhand",https://www.atptour.com/en/players/alexandre-strambini/s630/player-activity?year=all&matchType=Singles,78.0,1975-05-16,,538
398,Andreas Weber,Germany,185.0,"Right-Handed, Unknown Backhand",https://www.atptour.com/en/players/andreas-weber/w237/player-activity?year=all&matchType=Singles,78.0,1976-04-26,,314
399,Collin Altamirano,USA,188.0,"Right-Handed, Two-Handed Backhand",https://www.atptour.com/en/players/collin-altamirano/ac84/player-activity?year=all&matchType=Singles,85.0,1995-12-07,"Joseph Gilbert, Thom Billadeau, Jimmy Roberts",267
400,Ricardo Rodriguez - Pace,Venezuela,185.0,Right-Handed,https://www.atptour.com/en/players/ricardo-rodriguez---pace/rb00/player-activity?year=all&matchType=Singles,78.0,1993-04-28,,
401,Jaroslav Pospisil,Czech Republic,175.0,"Right-Handed, Two-Handed Backhand",https://www.atptour.com/en/players/jaroslav-pospisil/p605/player-activity?year=all&matchType=Singles,75.0,1981-02-09,Pospisil Jaroslav Sen.,103
402,Arthur Fery,Great Britain,173.0,"Right-Handed, Two-Handed Backhand",https://www.atptour.com/en/players/arthur-fery/f0dm/player-activity?year=all&matchType=Singles,75.0,2002-07-12,Benoit Foucher,324
403,Laurynas Grigelis,,183.0,"Right-Handed, Two-Handed Backhand",https://www.atptour.com/en/players/laurynas-grigelis/ga71/player-activity?year=all&matchType=Singles,78.0,1991-08-14,Fabio Gorietti & Federico Torresi,
404,Max Houkes,Netherlands,188.0,"Left-Handed, Two-Handed Backhand",https://www.atptour.com/en/players/max-houkes/h0cx/player-activity?year=all&matchType=Singles,78.0,2000-07-03,Colin Van Beem,484
405,Yanais Laurent,France,183.0,"Right-Handed, Two-Handed Backhand",https://www.atptour.com/en/players/yanais-laurent/lc18/player-activity?year=all&matchType=Singles,76.0,1992-06-06,,503
406,Paul Woerner,Germany,185.0,"Right-Handed, Two-Handed Backhand",https://www.atptour.com/en/players/paul-woerner/w725/player-activity?year=all&matchType=Singles,78.0,1996-08-23,,740
407,Manuel Sanchez,Mexico,0.0,"Right-Handed, One-Handed Backhand",https://www.atptour.com/en/players/manuel-sanchez/si82/player-activity?year=all&matchType=Singles,78.0,1991-01-05,Marcela Montemayor,
408,Nikita Mashtakov,,175.0,"Right-Handed, Two-Handed Backhand",https://www.atptour.com/en/players/nikita-mashtakov/mw62/player-activity?year=all&matchType=Singles,77.0,1999-03-18,Bruno Urisk,
409,Jacob Grills,Australia,185.0,"Right-Handed, Unknown Backhand",https://www.atptour.com/en/players/jacob-grills/ge73/player-activity?year=all&matchType=Singles,78.0,1995-06-18,,381
410,Sidane Pontjodikromo,Netherlands,178.0,"Right-Handed, Two-Handed Backhand",https://www.atptour.com/en/players/sidane-pontjodikromo/p0be/player-activity?year=all&matchType=Singles,75.0,2000-10-24,Tjerk Bogtstra,440
411,Maverick Banes,Australia,185.0,"Right-Handed, Unknown Backhand",https://www.atptour.com/en/players/maverick-banes/bh87/player-activity?year=all&matchType=Singles,78.0,1992-04-10,,216
412,Mauricio Echazu,Peru,185.0,Right-Handed,https://www.atptour.com/en/players/mauricio-echazu/e702/player-activity?year=all&matchType=Singles,78.0,1989-01-21,,379
413,Marco Bortolotti,Italy,173.0,"Right-Handed, Two-Handed Backhand",https://www.atptour.com/en/players/marco-bortolotti/bh08/player-activity?year=all&matchType=Singles,72.0,1991-01-21,Damian Di Noto,355
414,Dustin Brown,Germany,196.0,"Right-Handed, Two-Handed Backhand",https://www.atptour.com/en/players/dustin-brown/ba65/player-activity?year=all&matchType=Singles,78.0,1984-12-08,,64
415,Maximilian Neuchrist,Austria,185.0,"Right-Handed, Two-Handed Backhand",https://www.atptour.com/en/players/maximilian-neuchrist/n663/player-activity?year=all&matchType=Singles,78.0,1991-07-22,,135
416,Teymuraz Gabashvili,,185.0,"Right-Handed, Two-Handed Backhand",https://www.atptour.com/en/players/teymuraz-gabashvili/g681/player-activity?year=all&matchType=Singles,87.0,1985-05-23,,
417,Igor Sijsling,Netherlands,191.0,"Right-Handed, One-Handed Backhand",https://www.atptour.com/en/players/igor-sijsling/sf36/player-activity?year=all&matchType=Singles,85.0,1987-08-18,Vedrah Tvrtkovic,52
418,Sadio Doumbia,France,183.0,"Right-Handed, One-Handed Backhand",https://www.atptour.com/en/players/sadio-doumbia/d917/player-activity?year=all&matchType=Singles,80.0,1990-09-12,Boubacar Doumbia,250
419,Rafael Matos,Brazil,180.0,"Left-Handed, Two-Handed Backhand",https://www.atptour.com/en/players/rafael-matos/mo41/player-activity?year=all&matchType=Singles,76.0,1996-01-06,Franco Ferreiro,357
420,Raphael Collignon,Belgium,191.0,"Right-Handed, Two-Handed Backhand",https://www.atptour.com/en/players/raphael-collignon/c0jp/player-activity?year=all&matchType=Singles,86.0,2002-01-13,Steve Darcis,973
421,Leonardo Mayer,Argentina,191.0,"Right-Handed, One-Handed Backhand",https://www.atptour.com/en/players/leonardo-mayer/md56/player-activity?year=all&matchType=Singles,80.0,1987-05-15,Leo Alonso,21
422,Juan Carlos Saez,Chile,185.0,Right-Handed,https://www.atptour.com/en/players/juan-carlos-saez/sl85/player-activity?year=all&matchType=Singles,78.0,1991-08-05,,285
423,Martin Van Der Meerschen,Belgium,185.0,Right-Handed,https://www.atptour.com/en/players/martin-van-der-meerschen/v0bs/player-activity?year=all&matchType=Singles,78.0,2000-06-14,,670
424,Yannik Reuter,Belgium,185.0,"Right-Handed, Two-Handed Backhand",https://www.atptour.com/en/players/yannik-reuter/ra82/player-activity?year=all&matchType=Singles,78.0,1991-03-06,,457
425,Marek Semjan,Slovakia,185.0,"Right-Handed, Two-Handed Backhand",https://www.atptour.com/en/players/marek-semjan/sh08/player-activity?year=all&matchType=Singles,78.0,1987-11-07,,270
426,Tom Pisane,Belgium,185.0,Right-Handed,https://www.atptour.com/en/players/tom-pisane/p0d1/player-activity?year=all&matchType=Singles,78.0,2000-10-11,,1066
427,Denis Matsukevich,,191.0,"Right-Handed, Unknown Backhand",https://www.atptour.com/en/players/denis-matsukevich/mc18/player-activity?year=all&matchType=Singles,80.0,1986-03-28,,
428,Olivier Rojas,Belgium,185.0,Right-Handed,https://www.atptour.com/en/players/olivier-rojas/r0f9/player-activity?year=all&matchType=Singles,78.0,2001-01-14,,
429,John Sperle,Germany,185.0,Right-Handed,https://www.atptour.com/en/players/john-sperle/s0lr/player-activity?year=all&matchType=Singles,78.0,2002-01-30,,971
430,Edris Fetisleam,Romania,185.0,Right-Handed,https://www.atptour.com/en/players/edris-fetisleam/f0ag/player-activity?year=all&matchType=Singles,78.0,1999-07-25,,1029
431,Teodor Giusca,Romania,185.0,Right-Handed,https://www.atptour.com/en/players/teodor-giusca/g0ce/player-activity?year=all&matchType=Singles,78.0,1999-12-29,,1639
432,Jordi Samper-Montana,Spain,185.0,"Right-Handed, Unknown Backhand",https://www.atptour.com/en/players/jordi-samper-montana/sh91/player-activity?year=all&matchType=Singles,78.0,1990-04-05,,227
433,Marc Dijkhuizen,Netherlands,185.0,"Left-Handed, Unknown Backhand",https://www.atptour.com/en/players/marc-dijkhuizen/dd07/player-activity?year=all&matchType=Singles,78.0,1996-04-01,,437
434,Tuur Heuvinck,Belgium,185.0,Right-Handed,https://www.atptour.com/en/players/tuur-heuvinck/h0ej/player-activity?year=all&matchType=Singles,78.0,1997-12-29,,1722
435,Samuel Brosset,France,185.0,"Left-Handed, Unknown Backhand",https://www.atptour.com/en/players/samuel-brosset/b0dq/player-activity?year=all&matchType=Singles,78.0,1998-01-14,,1323
436,Vladimir Korolev,Russia,185.0,Right-Handed,https://www.atptour.com/en/players/vladimir-korolev/kg33/player-activity?year=all&matchType=Singles,78.0,1995-09-06,,588
437,Luca Prevosto,Italy,185.0,"Right-Handed, Two-Handed Backhand",https://www.atptour.com/en/players/luca-prevosto/pm37/player-activity?year=all&matchType=Singles,78.0,1998-09-09,,850
438,Jakub Wojcik,USA,185.0,Right-Handed,https://www.atptour.com/en/players/jakub-wojcik/wa96/player-activity?year=all&matchType=Singles,78.0,1997-10-12,,969
439,Yannick Jankovits,France,185.0,"Right-Handed, Unknown Backhand",https://www.atptour.com/en/players/yannick-jankovits/j347/player-activity?year=all&matchType=Singles,72.0,1987-01-06,Jeff Jankovits,226
440,Stefan Seifert,Germany,185.0,Left-Handed,https://www.atptour.com/en/players/stefan-seifert/sg13/player-activity?year=all&matchType=Singles,78.0,1985-02-28,,526
441,Louis Herman,Belgium,185.0,Right-Handed,https://www.atptour.com/en/players/louis-herman/h0b3/player-activity?year=all&matchType=Singles,78.0,2001-05-03,,1639
442,Petru-Alexandru Luncanu,,185.0,"Left-Handed, Two-Handed Backhand",https://www.atptour.com/en/players/petru-alexandru-luncanu/l872/player-activity?year=all&matchType=Singles,80.0,1989-05-07,Ady Ayram,
443,Romain Faucon,Belgium,185.0,Right-Handed,https://www.atptour.com/en/players/romain-faucon/f0f0/player-activity?year=all&matchType=Singles,78.0,2002-09-04,,
444,Paul Cayre,France,185.0,Right-Handed,https://www.atptour.com/en/players/paul-cayre/cg85/player-activity?year=all&matchType=Singles,78.0,1995-04-26,,818
445,Marco De Rossi,San Marino,185.0,"Right-Handed, Unknown Backhand",https://www.atptour.com/en/players/marco-de-rossi/dc25/player-activity?year=all&matchType=Singles,78.0,1997-06-27,,891
446,Gabriel Alejandro Hidalgo,Argentina,185.0,Right-Handed,https://www.atptour.com/en/players/gabriel-alejandro-hidalgo/h999/player-activity?year=all&matchType=Singles,78.0,1990-08-06,,413
447,Julio Goes,,180.0,"Right-Handed, Unknown Backhand",https://www.atptour.com/en/players/julio-goes/g020/player-activity?year=all&matchType=Singles,70.0,1955-10-25,Paulo Ferreira,
448,Mason Recci,Great Britain,185.0,"Right-Handed, Two-Handed Backhand",https://www.atptour.com/en/players/mason-recci/rh85/player-activity?year=all&matchType=Singles,78.0,1997-01-23,,1371
449,Jose Antonio Fernandez,,0.0,"Right-Handed, One-Handed Backhand",https://www.atptour.com/en/players/jose-antonio-fernandez/f014/player-activity?year=all&matchType=Singles,60.0,1965-01-26,,
450,Michael Oberleitner,,191.0,"Right-Handed, Unknown Backhand",https://www.atptour.com/en/players/michael-oberleitner/o063/player-activity?year=all&matchType=Singles,82.0,1966-07-17,,
451,Jacco Van Duyn,,185.0,"Right-Handed, Unknown Backhand",https://www.atptour.com/en/players/jacco-van-duyn/v120/player-activity?year=all&matchType=Singles,78.0,,,
452,Glenny Schaap,,185.0,"Right-Handed, Unknown Backhand",https://www.atptour.com/en/players/glenny-schaap/s318/player-activity?year=all&matchType=Singles,78.0,1968-04-06,,
453,Johan De Preter,,185.0,"Right-Handed, Unknown Backhand",https://www.atptour.com/en/players/johan-de-preter/d020/player-activity?year=all&matchType=Singles,78.0,,,
454,Alexander Knight,USA,193.0,"Left-Handed, Two-Handed Backhand",https://www.atptour.com/en/players/alexander-knight/k0ch/player-activity?year=all&matchType=Singles,78.0,,,1168
455,Magnus Zeile,,185.0,"Right-Handed, Unknown Backhand",https://www.atptour.com/en/players/magnus-zeile/z040/player-activity?year=all&matchType=Singles,78.0,1968-08-10,,
456,Thierry Tulasne,,178.0,"Right-Handed, Unknown Backhand",https://www.atptour.com/en/players/thierry-tulasne/t032/player-activity?year=all&matchType=Singles,73.0,1963-07-12,,
457,Pedro Rebolledo,,170.0,"Right-Handed, Unknown Backhand",https://www.atptour.com/en/players/pedro-rebolledo/r012/player-activity?year=all&matchType=Singles,68.0,1960-12-17,,
458,Eduardo Bengoechea,,185.0,"Right-Handed, Unknown Backhand",https://www.atptour.com/en/players/eduardo-bengoechea/b035/player-activity?year=all&matchType=Singles,78.0,1959-07-02,,
459,Francesco Cancellotti,,183.0,"Right-Handed, Unknown Backhand",https://www.atptour.com/en/players/francesco-cancellotti/c013/player-activity?year=all&matchType=Singles,75.0,1963-02-27,,
460,Johan Vekemans,,185.0,"Right-Handed, Unknown Backhand",https://www.atptour.com/en/players/johan-vekemans/v020/player-activity?year=all&matchType=Singles,78.0,1964-06-12,Fred Hemmes,
461,Amit Naor,,178.0,"Right-Handed, Unknown Backhand",https://www.atptour.com/en/players/amit-naor/n005/player-activity?year=all&matchType=Singles,82.0,1967-07-25,,
462,Gavin Pfitzner,,185.0,"Right-Handed, Unknown Backhand",https://www.atptour.com/en/players/gavin-pfitzner/p064/player-activity?year=all&matchType=Singles,78.0,,,
463,Peter Lundgren,Sweden,185.0,"Right-Handed, Unknown Backhand",https://www.atptour.com/en/players/peter-lundgren/l044/player-activity?year=all&matchType=Singles,80.0,1965-01-29,,
464,Danilo Marcelino,,193.0,"Right-Handed, Unknown Backhand",https://www.atptour.com/en/players/danilo-marcelino/m028/player-activity?year=all&matchType=Singles,81.0,1966-03-08,,
465,Martin Laurendeau,Canada,191.0,"Right-Handed, Unknown Backhand",https://www.atptour.com/en/players/martin-laurendeau/l008/player-activity?year=all&matchType=Singles,78.0,1964-07-10,Louis Cayer- Allen Fox,
466,Marshall Tutu,Great Britain,185.0,"Right-Handed, Unknown Backhand",https://www.atptour.com/en/players/marshall-tutu/tb81/player-activity?year=all&matchType=Singles,78.0,1992-03-13,,1161
467,Petr Hajek,Czech Republic,185.0,Right-Handed,https://www.atptour.com/en/players/petr-hajek/hh36/player-activity?year=all&matchType=Singles,78.0,1997-03-12,,598
468,Niels Lootsma,Netherlands,193.0,"Right-Handed, Two-Handed Backhand",https://www.atptour.com/en/players/niels-lootsma/le38/player-activity?year=all&matchType=Singles,78.0,1994-08-15,Martin Simek,423
469,Mubarak Shannan Zayid,Qatar,185.0,"Right-Handed, Two-Handed Backhand",https://www.atptour.com/en/players/mubarak-shannan-zayid/ac39/player-activity?year=all&matchType=Singles,78.0,1995-04-14,,728
470,Viktor Filipenko,Hungary,185.0,Right-Handed,https://www.atptour.com/en/players/viktor-filipenko/f849/player-activity?year=all&matchType=Singles,78.0,1991-09-25,,709
471,Vincent Jaensch-Mueller,Germany,185.0,Right-Handed,https://www.atptour.com/en/players/vincent-jaensch-mueller/j531/player-activity?year=all&matchType=Singles,78.0,1994-02-13,,963
472,Xander Spong,Netherlands,185.0,Right-Handed,https://www.atptour.com/en/players/xander-spong/si97/player-activity?year=all&matchType=Singles,78.0,1990-02-21,,888
473,Antoine Champagne,Belgium,185.0,Right-Handed,https://www.atptour.com/en/players/antoine-champagne/cc27/player-activity?year=all&matchType=Singles,78.0,1990-09-18,,1247
474,Yannick Staschen,Germany,185.0,Right-Handed,https://www.atptour.com/en/players/yannick-staschen/sq67/player-activity?year=all&matchType=Singles,78.0,1994-09-06,,
475,Julien Maigret,France,185.0,Right-Handed,https://www.atptour.com/en/players/julien-maigret/m991/player-activity?year=all&matchType=Singles,78.0,1983-01-10,,911
476,Laurent Malouli,France,185.0,Right-Handed,https://www.atptour.com/en/players/laurent-malouli/mk43/player-activity?year=all&matchType=Singles,78.0,1987-11-02,,832
477,Marious Zelba,Australia,185.0,Right-Handed,https://www.atptour.com/en/players/marious-zelba/z243/player-activity?year=all&matchType=Singles,78.0,1990-05-15,,786
478,Clement Reix,France,185.0,Right-Handed,https://www.atptour.com/en/players/clement-reix/r852/player-activity?year=all&matchType=Singles,78.0,1983-10-09,,437
479,James Chaudry,Great Britain,185.0,Right-Handed,https://www.atptour.com/en/players/james-chaudry/cc86/player-activity?year=all&matchType=Singles,78.0,1991-03-11,,923
480,Filipp Smalyanyy,Russia,185.0,"Right-Handed, Unknown Backhand",https://www.atptour.com/en/players/filipp-smalyanyy/su42/player-activity?year=all&matchType=Singles,78.0,1995-02-08,,
